City,Datetime,PM2.5,PM10,NO,NO2,NOx,NH3,CO,SO2,O3,Benzene,Toluene,Xylene,AQI,AQI_Bucket
Delhi,2015-01-01,153.3,241.7,182.9,33.0,81.3,38.5,1.87,64.5,83.6,18.93,20.81,8.32,204.5,Severe
Mumbai,2015-01-01,70.5,312.7,195.0,42.0,122.5,31.5,7.22,83.8,108.0,2.01,19.41,2.86,60.9,Satisfactory
Chennai,2015-01-01,174.1,275.4,56.2,68.8,230.9,28.5,8.56,60.8,43.9,19.07,10.19,9.63,486.5,Severe
Kolkata,2015-01-01,477.2,543.9,14.1,76.4,225.9,45.6,2.41,42.1,171.1,9.31,11.65,9.39,174.4,Very Poor
Bangalore,2015-01-01,171.6,117.7,123.3,12.4,61.9,49.7,1.26,79.7,164.3,6.04,12.74,9.59,489.7,Good
Delhi,2015-01-02,344.2,173.2,179.8,128.4,156.1,15.6,6.28,7.5,9.4,0.55,15.6,2.45,238.5,Satisfactory
Mumbai,2015-01-02,59.2,335.7,182.1,143.8,207.3,44.8,5.81,6.4,145.5,7.99,29.18,7.11,254.9,Good
Chennai,2015-01-02,418.9,573.8,23.8,17.5,43.0,22.5,4.49,9.5,198.7,1.89,17.93,2.91,171.7,Satisfactory
Kolkata,2015-01-02,329.8,599.3,139.1,34.0,75.2,24.1,3.63,63.4,111.2,8.95,28.51,1.88,139.8,Very Poor
Bangalore,2015-01-02,22.5,317.5,163.0,62.4,130.9,46.7,0.0,59.7,49.8,16.31,7.77,5.83,243.3,Moderate
Delhi,2015-01-03,473.9,20.1,12.7,102.7,244.7,42.5,0.04,29.8,42.0,1.87,15.11,2.41,77.6,Satisfactory
Mumbai,2015-01-03,191.0,200.5,21.5,141.3,235.8,8.6,8.54,89.0,129.8,10.37,4.99,8.19,37.9,Poor
Chennai,2015-01-03,86.6,531.8,99.1,92.8,62.4,49.8,1.12,9.9,45.5,4.02,1.55,7.48,394.8,Moderate
Kolkata,2015-01-03,393.0,422.5,28.9,112.1,149.9,40.6,5.72,3.7,60.8,2.02,16.7,0.47,491.8,Severe
Bangalore,2015-01-03,269.3,69.9,195.5,107.3,232.0,36.4,7.44,12.8,119.4,16.97,19.69,8.6,148.5,Severe
Delhi,2015-01-04,32.4,414.8,198.1,25.6,218.2,13.2,2.47,50.4,80.2,7.7,12.46,0.57,85.4,Satisfactory
Mumbai,2015-01-04,177.3,30.8,164.9,149.3,83.5,37.4,8.63,30.7,75.7,3.54,16.2,6.57,78.5,Severe
Chennai,2015-01-04,417.0,361.9,118.5,145.1,120.8,28.9,6.22,11.4,14.4,5.14,22.78,7.81,286.1,Good
Kolkata,2015-01-04,392.0,70.4,33.6,127.9,11.8,6.7,5.02,51.4,105.6,4.25,23.96,4.65,119.5,Severe
Bangalore,2015-01-04,56.1,295.7,121.0,146.1,53.7,39.8,6.47,59.1,109.1,9.4,6.11,9.56,423.3,Satisfactory
Delhi,2015-01-05,312.8,155.8,143.1,106.8,6.1,4.9,4.04,2.0,101.3,13.41,1.66,4.46,396.8,Poor
Mumbai,2015-01-05,335.4,582.7,144.2,37.2,130.3,22.9,6.83,91.6,30.9,8.89,8.25,3.77,30.7,Very Poor
Chennai,2015-01-05,123.3,126.0,137.4,140.7,214.5,20.8,9.55,68.7,166.5,14.66,21.22,6.71,108.8,Good
Kolkata,2015-01-05,298.2,515.0,86.7,101.8,156.6,35.3,4.17,19.4,197.7,3.23,19.19,1.9,473.1,Moderate
Bangalore,2015-01-05,263.8,321.1,21.4,40.5,48.0,0.6,7.3,56.2,14.2,2.78,13.53,9.62,119.5,Satisfactory
Delhi,2015-01-06,390.7,91.4,170.3,131.8,83.5,46.0,1.17,84.1,177.5,1.81,9.02,9.85,360.3,Moderate
Mumbai,2015-01-06,162.6,202.8,35.6,49.4,58.0,9.5,9.6,23.7,60.1,11.19,29.38,8.24,496.9,Satisfactory
Chennai,2015-01-06,179.9,275.3,136.4,13.9,118.3,21.8,7.44,98.0,148.0,3.64,1.02,5.34,387.9,Good
Kolkata,2015-01-06,191.5,560.1,176.3,4.5,115.4,49.0,8.89,23.2,35.5,10.66,17.71,6.07,15.0,Poor
Bangalore,2015-01-06,432.2,500.7,162.0,80.8,6.5,6.5,0.34,90.4,113.1,14.17,21.22,1.63,120.7,Poor
Delhi,2015-01-07,282.3,420.9,165.9,134.7,165.5,25.8,1.15,15.7,85.2,6.33,2.35,0.27,370.3,Moderate
Mumbai,2015-01-07,485.1,549.4,175.2,40.5,201.8,39.2,7.54,10.6,52.5,0.51,11.26,0.48,337.9,Good
Chennai,2015-01-07,325.4,129.0,184.1,57.5,111.3,32.9,3.27,44.9,173.7,11.78,29.07,8.14,0.7,Very Poor
Kolkata,2015-01-07,121.4,120.8,153.5,10.4,222.7,40.1,4.96,28.8,51.1,2.67,11.02,0.97,493.6,Very Poor
Bangalore,2015-01-07,122.9,583.2,128.1,146.3,27.2,27.8,2.65,71.2,78.8,10.85,19.27,8.07,421.8,Poor
Delhi,2015-01-08,315.2,354.9,161.9,45.6,152.4,37.1,6.81,84.6,28.8,17.48,20.33,4.75,230.7,Severe
Mumbai,2015-01-08,97.0,302.5,14.6,148.8,105.5,43.7,1.8,32.9,141.4,18.51,10.3,1.49,106.1,Severe
Chennai,2015-01-08,421.0,328.6,174.3,45.5,227.8,30.8,6.97,80.4,145.8,0.28,22.75,6.65,478.4,Poor
Kolkata,2015-01-08,308.5,199.9,45.4,144.2,156.1,49.7,0.34,40.8,197.1,3.72,12.86,4.43,82.2,Very Poor
Bangalore,2015-01-08,409.8,237.9,71.8,41.6,101.0,31.3,4.41,6.1,66.2,18.02,20.92,4.45,487.3,Poor
Delhi,2015-01-09,226.8,103.0,72.6,100.6,32.9,23.4,9.29,56.6,118.8,8.73,28.38,6.88,53.6,Very Poor
Mumbai,2015-01-09,232.9,102.6,44.8,113.4,233.2,7.9,9.66,8.7,82.5,7.89,16.24,8.12,278.9,Poor
Chennai,2015-01-09,74.0,295.4,98.2,105.5,165.2,48.7,2.18,95.6,51.9,9.27,6.45,5.49,91.2,Severe
Kolkata,2015-01-09,172.4,142.6,142.3,71.3,111.4,26.7,1.27,11.2,86.7,7.34,21.28,1.14,5.9,Satisfactory
Bangalore,2015-01-09,77.8,270.7,110.0,66.6,194.6,36.5,2.06,73.2,159.6,8.42,12.0,5.81,8.0,Good
Delhi,2015-01-10,316.8,209.1,68.0,100.0,30.2,36.8,3.37,11.2,4.4,16.25,13.2,8.95,29.9,Very Poor
Mumbai,2015-01-10,308.7,415.3,23.9,97.4,51.7,10.6,4.86,29.6,87.9,18.98,21.06,8.82,15.9,Poor
Chennai,2015-01-10,308.1,73.0,26.2,134.3,136.4,42.9,3.5,48.5,113.0,7.66,18.57,2.17,98.5,Satisfactory
Kolkata,2015-01-10,415.5,586.8,18.3,138.5,100.0,47.7,4.33,59.6,59.2,19.8,18.38,0.1,446.7,Poor
Bangalore,2015-01-10,449.3,460.8,0.7,2.8,51.5,36.7,8.78,26.9,76.1,12.05,26.19,9.05,275.2,Severe
Delhi,2015-01-11,439.9,495.3,135.7,93.8,140.1,22.8,9.87,79.3,119.7,0.76,1.67,7.5,450.2,Poor
Mumbai,2015-01-11,144.3,120.8,71.2,58.2,213.0,45.1,5.15,95.9,63.6,0.0,14.46,4.26,435.5,Poor
Chennai,2015-01-11,279.8,525.6,110.7,1.1,200.5,45.4,2.65,62.1,171.0,5.39,19.53,3.19,413.3,Satisfactory
Kolkata,2015-01-11,340.3,457.5,116.0,148.7,159.7,9.2,6.18,60.6,59.5,17.57,18.41,2.67,168.6,Very Poor
Bangalore,2015-01-11,470.4,237.2,9.3,49.5,137.8,43.0,8.68,92.9,158.0,7.26,23.36,7.0,418.5,Severe
Delhi,2015-01-12,59.0,239.1,175.8,118.4,153.6,32.1,0.1,90.7,191.8,9.01,16.71,0.62,467.8,Severe
Mumbai,2015-01-12,126.2,470.0,183.4,71.4,121.9,30.5,9.13,71.7,59.2,4.36,8.62,8.72,457.6,Satisfactory
Chennai,2015-01-12,391.2,24.4,3.1,133.3,222.1,21.2,9.57,6.3,176.9,17.04,17.46,4.42,212.3,Satisfactory
Kolkata,2015-01-12,44.1,533.8,170.5,34.1,75.2,27.7,7.51,50.7,19.7,18.91,27.86,0.42,475.9,Good
Bangalore,2015-01-12,138.2,431.8,119.0,46.9,180.4,22.2,6.57,70.2,128.9,2.81,12.72,4.43,69.7,Very Poor
Delhi,2015-01-13,15.9,408.7,182.4,33.6,112.6,31.7,9.49,12.3,25.7,3.1,18.05,9.06,265.3,Moderate
Mumbai,2015-01-13,11.4,261.5,120.0,70.2,2.9,23.6,7.79,21.0,104.0,9.63,16.11,4.24,387.8,Good
Chennai,2015-01-13,151.9,242.5,85.7,1.5,57.8,0.5,8.16,50.4,104.8,8.27,12.48,0.54,274.9,Good
Kolkata,2015-01-13,155.0,353.5,133.8,48.9,73.2,34.3,9.64,11.2,86.6,14.1,21.8,5.33,168.9,Good
Bangalore,2015-01-13,146.7,59.5,48.2,32.7,222.4,14.6,1.0,50.5,101.1,2.43,14.68,9.41,100.7,Satisfactory
Delhi,2015-01-14,33.1,568.6,154.4,145.7,96.1,16.7,2.65,13.5,89.5,1.33,27.5,8.33,361.0,Moderate
Mumbai,2015-01-14,260.6,450.2,8.1,1.6,136.0,45.3,6.09,14.5,46.0,8.02,29.53,8.61,72.4,Moderate
Chennai,2015-01-14,338.7,223.1,103.9,94.8,204.3,1.2,9.61,4.1,80.1,19.07,27.3,9.26,358.0,Satisfactory
Kolkata,2015-01-14,93.6,283.7,49.3,35.6,14.5,14.7,3.79,42.8,85.2,12.7,23.66,5.51,89.7,Severe
Bangalore,2015-01-14,487.0,70.9,173.6,53.5,249.2,5.6,6.43,75.5,24.0,10.78,8.46,2.15,374.0,Good
Delhi,2015-01-15,67.7,597.1,17.2,34.8,180.1,38.8,5.05,13.3,48.5,16.55,7.68,5.84,481.7,Good
Mumbai,2015-01-15,429.8,345.4,13.4,50.2,120.3,33.9,4.27,35.3,127.1,1.46,21.01,8.67,229.4,Severe
Chennai,2015-01-15,172.5,481.8,67.9,2.1,132.4,11.6,8.75,49.0,39.6,12.54,21.12,0.2,265.3,Severe
Kolkata,2015-01-15,63.1,121.1,37.5,8.3,68.8,27.9,3.54,5.6,171.2,14.36,9.02,0.81,464.6,Satisfactory
Bangalore,2015-01-15,415.9,429.8,76.9,140.1,147.9,29.8,1.46,30.9,135.4,12.97,19.4,1.14,499.4,Satisfactory
Delhi,2015-01-16,283.3,260.2,137.0,12.5,158.5,1.9,1.88,91.3,167.1,14.94,7.51,0.64,240.1,Poor
Mumbai,2015-01-16,400.7,50.6,24.2,105.4,103.1,18.7,0.04,27.0,70.9,18.91,6.91,9.96,159.3,Satisfactory
Chennai,2015-01-16,259.6,202.0,58.3,0.9,132.1,42.0,0.94,19.9,194.9,7.94,12.93,7.53,351.5,Very Poor
Kolkata,2015-01-16,42.1,279.2,32.5,74.1,173.4,35.0,4.72,82.4,169.0,0.57,8.74,7.23,255.0,Poor
Bangalore,2015-01-16,198.2,108.9,139.3,102.7,238.4,7.9,9.48,8.2,59.1,16.69,24.27,3.22,261.6,Severe
Delhi,2015-01-17,378.5,185.2,124.3,129.2,116.2,37.9,6.57,98.7,81.2,12.36,6.02,8.84,257.4,Good
Mumbai,2015-01-17,310.7,276.4,172.9,41.5,173.6,26.4,6.74,44.2,175.1,19.71,27.98,8.25,113.0,Satisfactory
Chennai,2015-01-17,391.2,19.4,106.1,149.0,30.2,35.2,9.12,7.8,109.5,0.12,6.97,7.95,39.3,Satisfactory
Kolkata,2015-01-17,475.3,296.7,119.5,70.6,130.0,39.1,8.12,97.8,59.1,6.15,10.46,9.45,234.2,Moderate
Bangalore,2015-01-17,368.9,476.1,131.9,90.5,186.7,8.4,6.73,41.4,5.3,7.82,8.19,5.56,3.8,Moderate
Delhi,2015-01-18,486.5,401.3,97.5,1.0,67.5,21.3,2.88,63.0,171.9,19.79,26.21,3.38,439.8,Good
Mumbai,2015-01-18,408.4,375.4,35.3,72.6,175.0,4.8,2.2,23.2,67.5,0.42,23.68,8.15,423.4,Satisfactory
Chennai,2015-01-18,481.6,113.7,126.7,7.9,249.5,24.2,5.22,39.3,197.5,8.9,29.0,0.71,306.6,Moderate
Kolkata,2015-01-18,408.7,407.1,6.2,70.4,242.6,45.6,0.4,97.0,94.0,18.22,4.43,6.1,224.7,Severe
Bangalore,2015-01-18,14.0,456.9,88.4,112.2,166.8,16.0,8.68,11.9,27.3,1.01,9.64,6.48,104.3,Good
Delhi,2015-01-19,176.7,498.0,108.8,98.2,224.1,44.6,7.15,95.7,100.2,19.03,17.88,8.97,102.0,Satisfactory
Mumbai,2015-01-19,358.0,290.4,84.5,102.0,122.5,19.6,5.01,62.5,104.3,4.26,26.84,8.01,290.0,Poor
Chennai,2015-01-19,340.4,538.3,54.7,65.9,94.5,8.4,8.4,58.5,20.9,7.26,14.59,2.74,437.1,Satisfactory
Kolkata,2015-01-19,58.6,534.5,91.6,6.5,42.0,47.9,1.92,64.1,171.6,8.65,14.47,8.78,467.9,Poor
Bangalore,2015-01-19,306.8,78.0,43.2,115.6,95.1,30.5,3.47,0.8,140.9,5.34,9.64,9.64,273.1,Poor
Delhi,2015-01-20,187.7,42.5,138.5,4.3,82.5,33.2,1.87,60.7,172.3,3.39,19.37,6.2,374.5,Very Poor
Mumbai,2015-01-20,478.8,359.8,45.7,50.3,151.7,27.3,2.52,39.4,61.1,18.75,17.93,1.73,132.0,Poor
Chennai,2015-01-20,144.8,52.9,13.8,109.9,38.9,26.7,6.93,7.2,17.3,19.41,0.4,9.51,157.2,Moderate
Kolkata,2015-01-20,394.8,356.9,31.4,108.2,137.9,33.0,9.2,11.3,188.0,5.53,29.17,5.41,207.0,Good
Bangalore,2015-01-20,465.8,185.2,172.6,75.5,71.7,2.2,6.13,49.3,127.4,9.68,22.04,5.16,38.1,Poor
Delhi,2015-01-21,3.5,506.4,143.5,146.1,53.1,2.6,3.92,81.4,53.8,19.79,13.28,8.16,192.3,Good
Mumbai,2015-01-21,70.9,86.1,156.8,15.5,28.9,19.8,2.19,22.8,56.6,16.46,6.6,4.45,86.5,Severe
Chennai,2015-01-21,374.0,277.3,90.4,146.5,113.7,45.7,0.41,89.6,154.4,6.34,25.6,0.71,357.6,Good
Kolkata,2015-01-21,96.1,514.2,160.0,57.8,35.7,36.7,1.08,69.3,155.2,14.08,13.93,3.76,440.5,Good
Bangalore,2015-01-21,21.2,271.6,43.0,46.7,91.6,20.2,1.16,40.6,183.6,9.56,28.44,5.43,384.3,Poor
Delhi,2015-01-22,403.8,423.9,106.4,41.3,106.2,23.0,8.67,68.2,135.0,7.14,8.6,6.4,126.7,Severe
Mumbai,2015-01-22,131.2,368.1,24.2,80.9,9.5,28.5,6.61,37.5,40.1,19.77,20.6,0.3,10.8,Severe
Chennai,2015-01-22,90.0,428.5,123.1,48.7,16.2,36.1,0.5,49.2,52.7,9.99,17.07,9.93,270.2,Very Poor
Kolkata,2015-01-22,247.5,112.7,108.0,5.3,16.4,26.4,1.01,35.7,163.7,6.78,14.98,4.06,85.0,Good
Bangalore,2015-01-22,180.2,53.0,90.6,132.1,226.1,9.3,6.29,2.7,125.7,11.67,13.21,0.08,22.1,Satisfactory
Delhi,2015-01-23,157.5,365.1,151.9,57.5,103.4,41.2,4.1,37.0,139.6,12.89,16.09,8.7,362.2,Good
Mumbai,2015-01-23,476.7,360.1,14.4,148.5,49.3,4.5,8.41,48.4,160.9,19.9,27.52,0.34,440.9,Poor
Chennai,2015-01-23,153.9,337.5,18.1,114.3,148.8,26.0,0.53,17.6,93.1,6.8,15.47,9.91,431.1,Moderate
Kolkata,2015-01-23,437.7,541.7,83.8,91.2,88.0,44.1,6.09,2.6,17.6,19.0,23.61,7.08,87.5,Moderate
Bangalore,2015-01-23,469.0,122.7,156.3,104.5,94.6,34.2,6.35,84.1,151.6,12.98,11.71,9.13,286.9,Good
Delhi,2015-01-24,188.3,442.6,191.0,82.8,181.5,13.7,0.53,3.6,37.1,1.62,24.86,7.97,288.8,Good
Mumbai,2015-01-24,420.7,186.9,32.9,45.8,234.1,31.1,4.81,12.5,185.8,15.5,9.03,5.69,86.1,Very Poor
Chennai,2015-01-24,232.1,581.7,104.6,50.3,226.3,47.5,5.06,38.1,17.9,14.73,12.31,9.89,251.4,Satisfactory
Kolkata,2015-01-24,141.5,208.7,172.3,79.3,191.1,8.0,5.06,27.3,20.2,2.57,20.44,5.16,130.4,Severe
Bangalore,2015-01-24,172.9,579.7,80.7,21.4,93.2,6.2,6.28,50.8,159.2,2.45,19.54,0.63,105.6,Moderate
Delhi,2015-01-25,397.3,457.0,112.9,100.4,87.4,21.1,7.67,76.0,2.7,14.55,25.88,5.98,148.4,Severe
Mumbai,2015-01-25,353.4,178.3,105.4,79.3,104.7,48.1,4.61,23.1,181.1,16.0,7.23,4.88,130.4,Severe
Chennai,2015-01-25,122.2,97.8,140.8,106.0,234.2,6.6,2.59,73.6,109.3,11.03,20.82,8.33,45.3,Poor
Kolkata,2015-01-25,113.3,432.1,67.7,3.6,95.5,27.4,7.8,91.8,48.3,11.02,3.24,5.89,119.2,Satisfactory
Bangalore,2015-01-25,219.2,22.7,7.2,121.4,75.0,31.6,6.53,95.3,58.6,5.56,28.63,6.24,390.6,Severe
Delhi,2015-01-26,336.2,576.0,52.7,6.6,157.1,0.4,4.15,96.1,165.4,5.0,12.88,4.31,260.0,Satisfactory
Mumbai,2015-01-26,52.5,410.4,132.1,61.3,162.1,18.6,3.19,18.0,198.3,18.34,9.1,8.14,147.6,Very Poor
Chennai,2015-01-26,487.7,332.9,140.6,94.1,107.2,12.2,5.26,66.6,14.5,6.96,27.79,7.48,415.6,Moderate
Kolkata,2015-01-26,13.2,474.7,103.8,82.2,237.0,20.6,7.59,35.6,29.9,2.48,17.06,4.25,264.2,Moderate
Bangalore,2015-01-26,274.2,119.4,78.8,34.3,35.9,19.5,0.31,79.3,20.4,8.92,0.34,5.25,319.9,Good
Delhi,2015-01-27,125.9,443.0,35.0,120.4,103.5,41.6,4.44,30.5,91.4,10.42,5.67,8.6,225.8,Moderate
Mumbai,2015-01-27,50.4,334.5,116.3,94.8,199.5,34.7,0.89,93.6,59.9,7.24,13.2,9.51,312.3,Satisfactory
Chennai,2015-01-27,258.8,116.4,139.9,139.7,153.0,4.8,2.74,51.1,181.9,1.56,3.67,8.26,22.0,Moderate
Kolkata,2015-01-27,316.8,527.0,168.0,28.6,113.8,14.1,2.1,95.6,91.4,0.64,1.91,1.33,213.1,Poor
Bangalore,2015-01-27,469.0,203.6,6.7,120.8,224.1,27.3,4.59,65.7,110.2,12.07,24.7,8.48,78.7,Satisfactory
Delhi,2015-01-28,67.1,557.4,141.8,141.9,20.8,39.4,5.7,58.0,4.3,2.02,19.5,5.32,260.7,Very Poor
Mumbai,2015-01-28,373.7,173.1,160.7,78.5,75.1,43.2,2.88,93.8,64.8,17.13,28.53,9.9,95.2,Poor
Chennai,2015-01-28,356.2,11.9,182.8,95.5,173.4,14.4,7.42,99.6,143.2,17.93,15.95,3.43,211.9,Moderate
Kolkata,2015-01-28,4.5,41.8,77.2,123.5,201.1,44.8,7.97,36.0,109.7,10.11,1.17,5.61,128.0,Poor
Bangalore,2015-01-28,447.1,152.5,38.3,131.8,91.2,12.1,8.66,30.7,172.3,13.23,21.91,1.82,92.9,Severe
Delhi,2015-01-29,122.3,457.2,137.7,46.7,110.1,13.7,0.77,95.0,127.3,12.55,28.07,3.73,44.1,Severe
Mumbai,2015-01-29,174.8,500.3,52.0,116.3,37.0,35.9,1.61,83.5,103.3,4.03,23.5,9.38,130.6,Moderate
Chennai,2015-01-29,485.9,513.1,163.1,135.0,140.5,37.7,3.37,9.8,18.7,13.5,28.88,5.6,441.9,Moderate
Kolkata,2015-01-29,436.0,595.6,160.1,86.0,27.5,2.9,5.1,9.6,77.4,18.15,10.3,6.63,218.0,Very Poor
Bangalore,2015-01-29,258.8,95.3,145.4,77.9,13.3,13.3,6.48,16.4,150.5,8.11,12.56,2.22,232.0,Good
Delhi,2015-01-30,485.5,128.0,37.5,103.7,79.1,10.8,1.14,6.5,133.6,10.55,27.99,7.05,337.9,Moderate
Mumbai,2015-01-30,481.7,472.6,30.1,92.2,166.7,37.6,5.35,39.2,133.2,2.95,6.27,3.65,248.6,Moderate
Chennai,2015-01-30,53.6,580.2,75.4,127.8,135.8,47.7,2.2,58.0,16.6,17.73,26.06,5.75,150.2,Satisfactory
Kolkata,2015-01-30,140.8,249.9,130.4,95.8,244.7,12.8,1.0,79.8,8.9,18.02,18.91,4.57,133.6,Poor
Bangalore,2015-01-30,17.6,418.7,166.1,62.8,46.6,44.5,8.19,85.4,94.4,6.85,24.57,6.15,493.9,Very Poor
Delhi,2015-01-31,405.9,355.9,116.2,88.1,125.4,26.6,6.87,87.6,109.2,3.89,18.54,9.64,489.9,Good
Mumbai,2015-01-31,466.3,497.0,125.7,12.5,188.5,4.4,9.37,41.2,83.4,6.05,18.1,3.41,470.9,Moderate
Chennai,2015-01-31,18.5,301.8,131.1,135.2,90.1,49.8,0.11,97.6,168.6,8.66,11.99,9.14,40.6,Satisfactory
Kolkata,2015-01-31,345.1,486.9,167.1,34.3,31.2,1.3,3.72,87.9,124.3,2.12,2.09,9.47,81.5,Satisfactory
Bangalore,2015-01-31,327.5,71.1,73.7,105.1,203.7,3.0,6.85,4.4,28.9,2.39,23.86,6.05,432.3,Satisfactory
Delhi,2015-02-01,4.2,172.2,85.1,0.9,146.2,47.1,2.99,91.0,36.4,5.4,21.36,2.36,447.5,Moderate
Mumbai,2015-02-01,310.5,197.1,140.2,126.3,167.0,8.0,6.77,76.9,156.1,13.61,15.6,3.86,87.4,Very Poor
Chennai,2015-02-01,280.3,116.3,183.7,7.2,209.2,37.6,3.96,47.2,111.6,16.23,27.79,9.36,102.3,Severe
Kolkata,2015-02-01,73.6,568.9,175.9,138.6,231.9,5.6,9.39,51.7,133.0,13.03,3.78,9.38,266.8,Very Poor
Bangalore,2015-02-01,245.6,397.9,73.9,91.1,212.8,46.1,1.84,59.0,6.3,16.79,20.7,3.27,211.4,Very Poor
Delhi,2015-02-02,334.2,286.2,108.7,139.7,54.2,32.4,2.99,14.9,76.3,10.1,7.9,5.83,266.8,Poor
Mumbai,2015-02-02,44.3,385.8,51.0,1.3,237.1,18.4,1.2,35.8,71.8,7.14,19.32,2.8,108.9,Good
Chennai,2015-02-02,415.4,322.5,7.9,122.1,242.8,23.3,8.88,17.4,198.4,13.06,11.24,7.86,215.4,Very Poor
Kolkata,2015-02-02,469.7,124.6,7.7,63.3,69.1,20.3,3.5,16.3,83.5,11.38,19.3,9.08,274.5,Very Poor
Bangalore,2015-02-02,265.2,8.8,63.5,97.5,21.2,15.6,1.71,41.5,85.7,3.61,12.65,7.08,480.9,Moderate
Delhi,2015-02-03,292.7,5.6,160.1,110.9,97.6,34.1,4.79,49.8,55.2,18.51,2.22,2.72,40.7,Good
Mumbai,2015-02-03,229.6,71.9,145.4,116.6,194.1,5.3,0.43,87.5,38.9,12.19,23.25,2.14,469.0,Satisfactory
Chennai,2015-02-03,391.0,113.5,71.8,54.5,203.3,7.7,5.41,32.7,43.0,15.95,9.15,4.36,373.9,Severe
Kolkata,2015-02-03,304.6,10.0,195.8,15.7,63.8,32.3,9.1,18.4,123.3,5.97,16.64,0.25,472.3,Good
Bangalore,2015-02-03,413.9,371.0,153.5,37.8,117.5,6.5,8.55,56.1,132.0,7.34,26.49,5.17,235.7,Very Poor
Delhi,2015-02-04,413.1,254.3,156.9,44.4,239.4,23.1,5.08,39.5,28.9,9.07,26.36,0.11,365.4,Severe
Mumbai,2015-02-04,415.4,72.9,175.3,19.3,184.6,6.8,8.19,88.4,194.0,2.74,20.23,6.22,95.5,Very Poor
Chennai,2015-02-04,212.3,11.5,189.4,1.7,208.4,8.1,6.44,12.1,64.9,9.02,3.59,2.9,118.3,Severe
Kolkata,2015-02-04,439.2,345.4,147.4,5.5,175.3,41.5,3.03,84.5,177.7,7.81,5.47,1.31,409.8,Moderate
Bangalore,2015-02-04,76.2,253.1,58.5,88.6,8.2,4.4,4.31,46.3,79.7,16.35,2.37,5.09,377.2,Good
Delhi,2015-02-05,172.9,328.3,79.4,28.6,207.0,13.3,8.51,85.2,189.5,14.27,1.24,2.89,37.6,Satisfactory
Mumbai,2015-02-05,477.3,171.5,76.4,121.4,192.5,3.2,5.81,45.2,50.7,8.54,28.55,3.61,139.7,Moderate
Chennai,2015-02-05,301.3,302.1,100.1,81.7,220.6,11.1,4.91,14.1,136.9,5.78,15.94,5.46,97.2,Severe
Kolkata,2015-02-05,218.2,15.7,67.1,92.3,184.2,44.2,9.91,43.6,118.7,3.73,7.34,8.15,62.8,Very Poor
Bangalore,2015-02-05,73.8,57.2,114.9,37.9,185.6,6.5,1.48,47.3,86.3,18.18,19.78,2.09,6.0,Moderate
Delhi,2015-02-06,23.8,436.9,190.1,88.6,221.6,1.1,0.46,71.2,144.9,0.55,18.71,0.03,52.3,Moderate
Mumbai,2015-02-06,352.0,426.6,106.5,20.6,117.8,10.4,6.37,47.3,135.9,5.23,25.75,1.46,435.7,Very Poor
Chennai,2015-02-06,452.7,182.3,3.6,65.3,130.9,15.3,2.14,81.4,192.0,2.98,19.18,5.81,62.2,Poor
Kolkata,2015-02-06,417.5,404.5,179.3,67.2,182.0,30.9,0.15,89.3,104.3,17.88,4.01,1.16,235.0,Very Poor
Bangalore,2015-02-06,56.8,201.4,48.7,121.0,97.0,26.2,9.2,20.6,48.5,14.26,2.17,4.44,93.3,Good
Delhi,2015-02-07,207.1,288.6,197.7,66.6,80.7,49.8,0.73,71.2,51.0,18.91,5.7,0.75,261.6,Satisfactory
Mumbai,2015-02-07,104.9,592.0,75.4,43.0,128.7,45.0,1.28,49.4,9.3,1.5,19.15,2.52,236.4,Satisfactory
Chennai,2015-02-07,170.4,223.5,38.0,72.9,120.2,39.1,2.97,32.6,24.0,19.72,28.94,6.13,343.3,Good
Kolkata,2015-02-07,332.8,347.2,142.9,117.4,210.8,49.0,3.04,43.8,147.0,1.53,19.58,3.43,456.4,Poor
Bangalore,2015-02-07,375.1,280.7,6.4,115.6,116.0,37.8,2.47,4.0,71.1,15.79,5.76,4.28,173.3,Satisfactory
Delhi,2015-02-08,21.0,132.5,140.7,105.3,139.7,27.5,1.86,26.8,18.6,19.33,15.96,1.9,311.0,Moderate
Mumbai,2015-02-08,457.6,131.8,95.0,84.8,125.8,8.4,7.64,28.6,119.0,17.98,29.32,9.6,399.2,Good
Chennai,2015-02-08,280.6,536.1,181.9,12.9,69.1,8.0,6.04,72.1,172.8,12.34,15.41,4.3,312.7,Very Poor
Kolkata,2015-02-08,138.5,201.9,9.5,103.3,54.5,2.5,0.15,45.0,166.9,18.42,19.66,7.2,358.7,Good
Bangalore,2015-02-08,287.3,346.6,85.5,114.7,100.5,41.5,4.48,52.6,140.8,4.6,13.99,2.34,205.0,Severe
Delhi,2015-02-09,476.6,581.6,20.3,73.0,193.8,12.6,6.1,29.9,106.4,0.85,22.7,6.18,326.7,Moderate
Mumbai,2015-02-09,263.0,44.0,29.4,4.4,87.8,19.5,4.9,35.1,129.1,12.25,9.28,0.52,489.2,Very Poor
Chennai,2015-02-09,7.6,584.2,154.9,71.9,223.2,39.2,0.85,69.7,29.0,2.91,11.95,1.19,164.2,Satisfactory
Kolkata,2015-02-09,161.0,105.8,13.6,67.7,80.8,26.0,7.06,0.8,17.3,3.02,21.89,9.25,38.1,Poor
Bangalore,2015-02-09,270.0,331.6,6.9,4.6,157.0,22.1,9.34,63.3,174.6,18.11,19.2,4.93,64.4,Severe
Delhi,2015-02-10,262.9,178.7,75.4,34.7,188.0,39.8,1.08,2.5,142.6,5.22,27.63,0.9,437.3,Very Poor
Mumbai,2015-02-10,183.3,50.4,62.9,56.6,164.0,25.8,9.44,69.3,192.2,8.23,29.32,9.21,352.7,Poor
Chennai,2015-02-10,99.7,576.2,132.7,46.4,73.5,47.3,5.14,61.3,46.8,7.51,7.72,6.41,474.7,Poor
Kolkata,2015-02-10,162.9,266.0,53.3,2.2,194.0,1.6,5.95,47.6,17.5,0.88,10.38,5.5,295.8,Very Poor
Bangalore,2015-02-10,419.1,43.5,80.1,35.5,239.7,28.1,4.99,22.3,40.9,2.1,18.98,3.48,440.1,Poor
Delhi,2015-02-11,87.9,210.8,30.8,149.5,197.5,9.6,6.64,34.9,72.4,12.5,10.86,7.25,26.7,Severe
Mumbai,2015-02-11,221.3,155.1,98.7,120.6,93.5,3.9,4.03,7.0,33.9,8.42,4.74,1.53,493.6,Very Poor
Chennai,2015-02-11,79.8,225.9,191.9,138.9,86.1,15.3,4.21,2.5,151.7,19.93,4.89,0.83,496.7,Very Poor
Kolkata,2015-02-11,265.3,229.5,56.1,78.7,244.5,6.3,8.29,57.7,91.6,16.68,17.9,4.03,306.8,Good
Bangalore,2015-02-11,127.8,526.8,179.1,134.0,0.3,33.8,1.79,91.1,14.8,5.96,25.3,1.86,367.5,Poor
Delhi,2015-02-12,416.1,398.4,145.2,127.7,247.4,45.7,3.24,8.0,27.4,19.31,8.2,3.46,413.9,Satisfactory
Mumbai,2015-02-12,212.7,132.7,108.4,47.0,37.3,28.5,5.09,29.7,30.9,3.98,23.32,9.81,300.9,Severe
Chennai,2015-02-12,414.9,99.5,36.8,111.2,77.2,38.1,3.25,69.7,164.7,2.51,15.79,8.25,209.8,Satisfactory
Kolkata,2015-02-12,458.1,277.6,133.4,62.8,5.1,6.4,6.46,79.6,55.0,6.47,25.44,2.38,453.4,Moderate
Bangalore,2015-02-12,318.1,363.3,79.6,121.0,33.3,31.0,7.97,66.8,172.9,2.98,14.14,5.64,355.9,Poor
Delhi,2015-02-13,64.2,531.8,24.7,50.7,168.3,18.3,1.17,7.3,122.4,10.75,19.5,3.53,205.5,Poor
Mumbai,2015-02-13,9.8,449.1,113.5,84.1,114.3,22.1,5.65,76.3,134.8,12.53,7.66,2.69,44.8,Good
Chennai,2015-02-13,262.6,479.1,124.4,63.7,114.8,4.5,8.74,47.1,105.0,19.29,7.32,8.96,426.9,Good
Kolkata,2015-02-13,142.6,47.3,195.7,24.0,163.9,23.9,4.38,61.5,189.9,9.09,29.48,3.69,486.9,Moderate
Bangalore,2015-02-13,98.7,170.3,76.9,102.2,218.9,36.4,1.24,98.6,72.7,19.58,29.62,7.93,330.6,Moderate
Delhi,2015-02-14,381.0,226.1,56.2,137.1,89.2,48.1,8.28,88.5,134.2,5.89,14.48,4.03,493.5,Poor
Mumbai,2015-02-14,160.2,138.2,95.2,54.7,173.7,5.5,3.87,37.0,34.6,3.89,28.56,8.78,299.8,Poor
Chennai,2015-02-14,366.0,213.6,5.8,54.6,128.8,20.7,0.62,7.2,109.7,0.3,26.43,0.64,142.1,Moderate
Kolkata,2015-02-14,90.9,239.9,50.1,69.9,229.9,8.7,4.36,3.8,57.3,16.51,25.02,8.31,14.4,Severe
Bangalore,2015-02-14,308.9,324.1,62.1,77.5,111.0,32.9,5.28,91.4,124.7,14.66,21.18,4.01,75.0,Poor
Delhi,2015-02-15,389.3,412.5,71.4,85.3,167.1,27.1,9.15,60.6,41.6,2.33,15.98,9.75,9.8,Severe
Mumbai,2015-02-15,237.0,430.7,91.9,124.9,13.3,16.3,6.29,9.2,9.7,18.9,23.27,1.44,295.7,Very Poor
Chennai,2015-02-15,232.9,298.4,81.7,131.6,183.9,47.1,7.89,11.5,29.0,6.61,6.82,1.08,79.6,Good
Kolkata,2015-02-15,430.0,584.0,123.2,5.4,227.2,32.8,1.74,49.1,98.0,14.19,20.79,6.11,85.7,Severe
Bangalore,2015-02-15,148.2,233.0,167.4,70.1,145.2,44.7,2.2,77.6,46.2,9.52,14.57,9.62,52.2,Poor
Delhi,2015-02-16,65.4,70.3,49.0,43.2,80.0,22.6,4.59,30.2,31.9,2.72,19.29,6.46,118.1,Poor
Mumbai,2015-02-16,164.8,289.7,196.4,136.1,55.8,5.2,6.53,89.7,84.1,16.46,16.04,0.91,334.3,Moderate
Chennai,2015-02-16,482.4,466.1,139.5,69.7,235.9,17.1,0.16,32.4,19.9,14.24,2.19,9.6,182.1,Very Poor
Kolkata,2015-02-16,483.9,302.3,44.9,54.9,237.9,34.2,3.97,4.2,65.7,4.84,11.45,1.31,482.7,Very Poor
Bangalore,2015-02-16,63.0,58.1,73.3,61.6,249.8,8.5,8.63,6.0,86.4,5.22,23.03,4.67,274.3,Very Poor
Delhi,2015-02-17,355.9,417.6,182.8,5.5,64.6,6.8,0.31,22.2,140.9,13.53,26.99,8.83,464.4,Severe
Mumbai,2015-02-17,167.1,230.3,3.2,14.0,2.1,8.6,9.34,51.8,9.7,0.04,12.74,5.75,488.4,Moderate
Chennai,2015-02-17,262.1,104.6,81.6,82.5,26.4,32.6,8.58,52.5,52.8,0.96,19.03,4.13,152.5,Severe
Kolkata,2015-02-17,319.1,446.7,92.2,72.9,244.2,21.9,7.33,58.2,171.9,7.2,8.38,1.38,157.2,Poor
Bangalore,2015-02-17,475.1,186.4,157.4,15.7,233.3,37.6,5.58,99.3,137.5,5.16,7.4,1.52,125.1,Moderate
Delhi,2015-02-18,252.3,553.2,103.6,11.2,4.9,20.0,0.78,82.4,7.8,17.96,20.74,2.09,208.6,Very Poor
Mumbai,2015-02-18,234.0,137.0,149.5,65.1,222.3,17.9,4.87,1.0,60.6,18.32,11.7,6.39,182.3,Very Poor
Chennai,2015-02-18,151.2,166.2,144.7,83.2,81.8,34.7,7.07,28.9,111.6,8.31,29.71,8.8,71.1,Moderate
Kolkata,2015-02-18,356.3,268.1,120.6,91.2,181.0,19.4,4.37,35.6,101.0,16.42,7.94,3.26,334.6,Moderate
Bangalore,2015-02-18,355.2,376.8,59.8,91.9,224.3,11.6,2.71,52.0,31.8,10.76,13.13,7.34,340.5,Severe
Delhi,2015-02-19,450.2,576.9,82.2,74.7,74.8,3.1,7.77,81.9,163.1,7.9,4.41,3.08,456.4,Good
Mumbai,2015-02-19,215.8,263.0,142.6,99.4,165.3,36.8,0.99,47.9,19.6,3.85,28.41,8.4,144.6,Satisfactory
Chennai,2015-02-19,323.6,227.0,15.3,116.0,205.3,46.0,0.39,54.4,69.9,4.64,20.17,1.04,343.2,Severe
Kolkata,2015-02-19,350.5,239.0,173.0,20.9,116.4,45.3,8.29,46.0,198.4,14.91,13.64,1.09,53.2,Severe
Bangalore,2015-02-19,460.0,531.0,30.1,40.0,53.6,48.3,3.97,46.6,58.9,16.99,19.27,3.27,290.1,Good
Delhi,2015-02-20,318.0,329.0,6.1,64.2,16.6,41.1,1.94,5.8,60.0,7.13,21.31,8.33,16.1,Severe
Mumbai,2015-02-20,137.2,412.1,29.7,64.0,90.1,11.6,0.4,11.7,112.9,7.13,28.74,0.48,31.3,Poor
Chennai,2015-02-20,240.8,445.2,159.7,106.7,40.9,11.9,8.55,28.2,115.8,18.01,24.41,7.82,232.3,Satisfactory
Kolkata,2015-02-20,177.0,301.5,76.0,7.0,40.6,29.0,8.92,39.1,47.4,4.61,27.22,8.83,40.3,Good
Bangalore,2015-02-20,345.0,217.8,151.5,115.1,219.8,7.6,1.17,32.2,174.7,10.56,16.06,2.97,110.2,Good
Delhi,2015-02-21,121.9,212.9,158.9,49.6,103.8,41.1,0.08,9.6,178.5,6.04,27.27,1.74,412.8,Moderate
Mumbai,2015-02-21,142.5,131.4,157.5,58.6,168.7,44.4,3.63,51.2,136.9,18.08,12.3,9.15,385.8,Severe
Chennai,2015-02-21,484.5,537.8,186.5,142.2,11.3,46.0,1.98,59.6,101.6,19.35,17.33,2.03,120.8,Moderate
Kolkata,2015-02-21,398.8,548.3,73.4,5.9,58.5,30.5,4.36,80.2,73.9,12.54,25.36,0.65,393.7,Very Poor
Bangalore,2015-02-21,438.0,510.7,160.2,43.7,65.1,46.5,3.85,23.8,30.4,4.62,8.7,4.95,253.4,Poor
Delhi,2015-02-22,190.3,388.7,135.2,75.4,65.5,22.8,1.79,28.6,34.3,19.66,16.12,9.09,136.1,Very Poor
Mumbai,2015-02-22,73.7,424.3,60.3,51.7,38.1,35.9,6.15,0.9,55.8,9.08,0.37,9.85,247.3,Severe
Chennai,2015-02-22,244.2,63.0,23.5,108.1,63.9,40.9,2.78,54.0,177.8,9.8,18.06,7.41,229.0,Poor
Kolkata,2015-02-22,434.1,431.8,176.5,117.4,96.6,30.2,9.85,28.8,106.7,0.94,26.73,9.3,314.5,Very Poor
Bangalore,2015-02-22,353.4,176.1,177.6,109.3,129.5,0.8,4.88,5.8,51.5,0.38,19.94,3.0,362.5,Moderate
Delhi,2015-02-23,318.1,553.9,184.9,62.7,13.2,15.4,7.9,62.8,166.5,9.97,24.42,9.87,305.5,Good
Mumbai,2015-02-23,384.0,454.2,151.5,145.4,117.9,6.9,6.99,86.8,68.6,12.78,7.28,7.69,156.0,Satisfactory
Chennai,2015-02-23,60.7,418.2,85.2,38.1,89.1,24.3,4.79,0.9,118.6,11.45,27.65,6.57,337.3,Poor
Kolkata,2015-02-23,415.9,313.2,144.4,18.7,100.8,7.6,0.62,15.7,7.8,2.7,10.81,2.73,65.5,Moderate
Bangalore,2015-02-23,159.9,326.1,132.7,33.0,104.3,13.1,8.86,27.4,139.6,18.34,9.65,5.12,13.2,Good
Delhi,2015-02-24,199.8,131.5,21.7,148.8,68.4,32.5,1.49,40.6,77.0,0.24,29.6,9.84,286.3,Severe
Mumbai,2015-02-24,333.4,167.8,47.0,55.6,217.5,50.0,4.94,25.7,14.5,12.85,19.58,0.75,18.8,Severe
Chennai,2015-02-24,403.2,152.7,194.1,97.2,55.5,18.0,0.74,24.8,141.0,1.31,10.59,4.57,189.6,Satisfactory
Kolkata,2015-02-24,149.5,572.0,61.9,68.0,151.8,47.1,0.91,99.4,162.4,19.14,10.99,4.66,237.2,Very Poor
Bangalore,2015-02-24,39.4,414.2,64.5,35.7,70.1,49.2,6.17,31.8,96.6,15.83,16.06,3.38,95.9,Poor
Delhi,2015-02-25,169.2,458.8,166.7,47.3,182.0,38.4,5.76,5.3,39.1,7.33,18.4,8.45,110.8,Poor
Mumbai,2015-02-25,258.2,547.7,185.0,131.4,176.7,17.5,6.35,28.2,3.2,7.51,23.31,1.6,161.3,Very Poor
Chennai,2015-02-25,214.2,378.4,144.0,53.1,119.4,12.3,3.45,53.8,102.2,18.37,26.02,7.9,464.3,Poor
Kolkata,2015-02-25,331.7,525.7,106.6,80.4,85.4,42.0,2.38,8.7,48.1,16.44,1.49,3.24,393.7,Moderate
Bangalore,2015-02-25,448.5,581.4,8.0,60.2,57.3,0.3,0.18,13.7,44.3,13.71,27.37,2.6,227.2,Very Poor
Delhi,2015-02-26,92.3,572.9,17.0,87.6,210.2,34.5,5.96,84.7,113.8,12.44,15.04,7.92,465.8,Severe
Mumbai,2015-02-26,391.7,35.4,31.0,109.4,53.9,21.2,8.05,50.9,95.8,2.16,4.79,1.08,440.4,Severe
Chennai,2015-02-26,168.2,328.7,78.4,81.3,45.6,3.6,2.64,42.1,72.4,14.92,2.9,7.53,151.7,Very Poor
Kolkata,2015-02-26,156.5,311.4,55.9,48.4,13.1,12.7,5.18,3.1,63.7,7.01,29.68,3.95,92.5,Severe
Bangalore,2015-02-26,356.0,523.7,189.9,125.4,71.1,9.9,1.17,63.9,75.1,14.74,13.28,1.14,492.4,Poor
Delhi,2015-02-27,60.5,74.8,163.2,55.4,85.8,33.9,1.28,79.0,168.7,3.97,27.22,8.75,335.7,Severe
Mumbai,2015-02-27,329.3,138.3,182.4,143.7,176.9,2.2,4.18,68.2,121.1,5.2,5.29,0.8,119.2,Good
Chennai,2015-02-27,43.6,547.5,124.4,3.4,126.3,24.6,9.88,82.6,157.3,2.38,13.12,4.08,182.1,Poor
Kolkata,2015-02-27,80.7,33.4,183.5,149.3,245.1,14.8,0.03,86.8,36.0,11.67,15.8,2.12,442.5,Very Poor
Bangalore,2015-02-27,463.2,535.2,82.4,121.0,10.5,3.8,0.31,33.7,149.2,9.34,27.58,9.02,160.5,Satisfactory
Delhi,2015-02-28,109.0,169.7,137.1,88.7,56.3,40.5,4.54,54.7,147.9,19.78,0.14,9.9,295.8,Severe
Mumbai,2015-02-28,77.9,422.0,74.7,27.5,17.2,28.8,3.5,23.7,36.7,11.73,19.59,6.64,491.4,Poor
Chennai,2015-02-28,496.5,503.7,192.0,36.8,51.9,47.5,5.63,75.5,171.7,17.11,10.58,2.62,54.0,Satisfactory
Kolkata,2015-02-28,389.3,297.3,171.1,93.9,112.3,11.3,6.81,43.4,19.7,19.76,4.22,0.28,283.9,Very Poor
Bangalore,2015-02-28,234.1,286.6,145.6,66.1,74.8,28.1,8.78,93.3,45.0,15.9,8.5,5.65,408.3,Good
Delhi,2015-03-01,382.8,305.1,36.5,149.4,185.2,37.7,5.45,89.7,145.9,3.82,17.77,4.1,353.7,Very Poor
Mumbai,2015-03-01,193.3,169.2,99.0,68.3,227.0,8.3,1.63,17.7,133.9,7.15,7.06,4.65,373.9,Poor
Chennai,2015-03-01,400.7,96.5,90.0,33.1,119.5,19.2,4.49,47.4,173.1,11.13,24.76,7.47,489.1,Good
Kolkata,2015-03-01,304.6,476.8,134.7,39.0,213.7,16.5,1.37,77.4,11.9,5.58,8.2,6.92,195.5,Good
Bangalore,2015-03-01,320.5,471.2,31.8,100.4,231.9,45.1,0.47,64.8,154.7,3.74,4.51,8.82,464.8,Moderate
Delhi,2015-03-02,343.1,439.0,35.9,141.3,121.0,44.3,9.66,55.8,18.8,10.98,14.44,4.54,108.5,Very Poor
Mumbai,2015-03-02,152.2,279.8,14.1,57.1,166.0,49.3,7.21,57.3,72.6,5.77,20.89,7.63,462.3,Severe
Chennai,2015-03-02,5.1,284.9,133.8,15.0,246.9,35.4,1.32,90.0,28.2,9.55,9.37,0.31,61.1,Very Poor
Kolkata,2015-03-02,488.9,330.8,40.7,21.1,73.9,11.0,9.15,33.9,167.3,15.47,9.81,9.51,72.2,Moderate
Bangalore,2015-03-02,197.2,61.7,155.7,13.7,67.4,44.1,9.96,25.7,172.7,14.04,10.09,0.09,123.4,Severe
Delhi,2015-03-03,154.6,531.1,139.3,53.0,14.4,19.5,2.57,76.5,62.9,1.9,0.36,4.09,142.4,Satisfactory
Mumbai,2015-03-03,123.9,256.6,118.4,4.5,22.7,34.2,2.38,10.6,94.3,10.97,10.14,5.77,472.2,Satisfactory
Chennai,2015-03-03,492.9,169.5,114.3,122.5,48.8,15.1,7.83,84.5,64.8,19.39,6.2,2.51,171.8,Good
Kolkata,2015-03-03,469.0,464.8,99.5,115.5,179.3,15.0,6.14,59.9,119.2,10.93,19.5,6.57,288.6,Moderate
Bangalore,2015-03-03,147.2,33.3,148.5,59.6,154.7,36.2,0.39,57.5,126.9,1.89,24.33,1.2,225.8,Severe
Delhi,2015-03-04,104.3,431.4,53.8,105.2,0.1,20.7,2.37,84.6,12.1,15.7,23.99,5.73,19.2,Very Poor
Mumbai,2015-03-04,70.6,413.3,83.0,143.9,190.3,13.6,7.68,84.9,38.0,18.08,6.72,8.93,224.8,Poor
Chennai,2015-03-04,377.8,358.0,75.8,64.2,248.8,14.1,3.52,69.0,165.1,14.16,27.97,7.53,179.9,Satisfactory
Kolkata,2015-03-04,281.9,195.1,190.1,19.2,39.8,0.3,5.26,57.6,181.8,8.77,27.86,8.67,481.8,Severe
Bangalore,2015-03-04,196.7,278.3,71.3,44.4,68.7,4.9,6.02,25.0,108.7,7.43,26.71,5.58,12.5,Moderate
Delhi,2015-03-05,267.4,418.6,8.2,134.9,68.7,32.1,5.79,29.5,167.7,17.66,22.3,9.05,103.7,Good
Mumbai,2015-03-05,479.4,391.2,108.6,75.5,42.1,31.2,8.97,51.5,147.3,0.98,18.27,9.89,365.9,Very Poor
Chennai,2015-03-05,488.9,84.8,168.5,130.0,203.3,11.4,9.65,32.0,83.8,16.06,11.08,8.03,366.1,Satisfactory
Kolkata,2015-03-05,392.9,65.3,180.5,148.0,37.1,20.1,4.06,14.8,128.3,0.06,21.8,5.94,373.9,Severe
Bangalore,2015-03-05,217.6,545.8,93.6,144.5,111.2,17.0,6.82,5.4,120.2,19.13,24.61,0.4,275.8,Very Poor
Delhi,2015-03-06,217.0,150.5,38.3,94.6,66.1,5.2,3.37,49.2,112.6,17.53,14.95,2.77,497.7,Poor
Mumbai,2015-03-06,457.2,112.0,37.4,73.1,126.6,44.9,9.06,98.6,127.6,6.58,12.43,5.26,442.2,Poor
Chennai,2015-03-06,385.5,188.1,88.9,55.6,200.8,1.0,4.87,14.8,30.8,17.74,20.56,2.16,442.4,Good
Kolkata,2015-03-06,480.4,577.8,41.7,76.7,179.6,24.3,7.17,82.5,167.0,9.84,22.79,6.16,158.1,Moderate
Bangalore,2015-03-06,33.5,391.5,100.2,8.0,194.2,5.2,9.8,51.1,132.4,14.0,23.06,4.82,425.8,Very Poor
Delhi,2015-03-07,341.0,103.3,21.2,134.5,21.0,28.7,8.73,72.7,50.8,13.47,13.07,7.85,172.7,Good
Mumbai,2015-03-07,234.6,117.5,66.0,148.9,148.0,46.5,3.61,59.8,117.1,12.11,10.41,2.49,174.2,Poor
Chennai,2015-03-07,441.8,107.4,45.7,37.5,227.4,38.1,5.91,56.8,132.3,1.38,14.16,2.89,369.9,Severe
Kolkata,2015-03-07,50.2,592.4,109.3,28.5,175.2,34.9,5.59,52.5,74.0,3.28,22.89,3.71,211.5,Good
Bangalore,2015-03-07,72.3,384.2,17.4,100.8,4.1,13.9,6.22,47.3,198.9,14.33,19.58,0.43,204.0,Poor
Delhi,2015-03-08,186.3,353.5,189.4,35.7,143.4,25.9,4.94,43.2,172.5,7.19,20.43,7.14,68.1,Good
Mumbai,2015-03-08,6.2,545.5,89.7,104.4,63.2,48.6,8.27,62.1,90.0,14.49,25.92,5.78,386.4,Moderate
Chennai,2015-03-08,80.0,550.9,26.0,124.3,16.8,7.4,7.84,4.7,111.7,10.09,0.2,8.5,492.1,Moderate
Kolkata,2015-03-08,340.5,597.9,7.7,92.0,235.6,3.1,8.26,61.9,8.6,15.5,4.98,2.86,453.3,Moderate
Bangalore,2015-03-08,314.7,280.0,77.5,93.2,179.7,7.8,5.68,14.4,177.3,15.69,16.64,0.44,10.2,Severe
Delhi,2015-03-09,454.9,369.8,55.5,142.0,83.2,5.0,2.34,36.1,4.7,19.86,14.62,9.4,368.9,Moderate
Mumbai,2015-03-09,191.9,322.1,38.5,142.2,200.2,40.8,4.05,17.7,63.8,12.49,5.97,5.99,166.8,Moderate
Chennai,2015-03-09,460.5,155.6,104.7,79.7,26.8,41.9,6.53,41.7,21.7,16.36,1.74,8.75,457.5,Moderate
Kolkata,2015-03-09,381.5,468.1,183.1,46.3,216.0,14.0,1.81,36.3,128.7,0.8,2.16,7.53,173.5,Moderate
Bangalore,2015-03-09,362.7,110.1,154.6,83.8,90.4,6.0,8.65,55.8,197.9,10.45,20.14,0.79,498.0,Good
Delhi,2015-03-10,59.5,293.3,10.3,145.1,23.5,40.8,5.14,27.4,62.6,7.75,19.09,9.32,20.8,Very Poor
Mumbai,2015-03-10,151.0,223.6,196.8,12.7,246.1,49.5,9.68,40.3,196.1,2.61,8.5,9.26,111.1,Severe
Chennai,2015-03-10,70.7,175.8,199.6,71.3,219.3,5.8,7.44,1.4,42.0,1.54,2.53,0.88,443.5,Very Poor
Kolkata,2015-03-10,145.5,260.6,10.9,117.2,107.0,33.0,8.94,33.8,92.7,16.62,15.06,2.53,457.2,Moderate
Bangalore,2015-03-10,361.6,470.5,74.0,141.8,34.7,45.8,6.89,92.3,95.9,16.07,6.96,6.86,472.6,Poor
Delhi,2015-03-11,392.8,507.7,50.0,132.2,222.8,3.3,2.96,5.9,43.5,1.04,5.99,2.08,246.4,Poor
Mumbai,2015-03-11,310.2,270.7,154.3,38.7,102.8,39.0,7.8,94.2,110.7,10.07,29.78,3.1,101.4,Good
Chennai,2015-03-11,462.4,438.2,49.2,63.4,58.6,35.2,5.4,17.9,91.0,0.37,22.98,4.63,438.7,Poor
Kolkata,2015-03-11,455.4,196.5,130.3,76.0,220.3,23.9,3.32,14.9,165.0,11.68,5.76,1.51,359.3,Moderate
Bangalore,2015-03-11,5.3,306.2,58.3,78.5,69.6,13.3,2.85,65.6,157.4,5.95,15.81,4.37,246.5,Very Poor
Delhi,2015-03-12,351.1,45.8,191.9,147.7,93.6,49.6,8.38,82.6,107.6,6.47,1.77,3.83,376.3,Moderate
Mumbai,2015-03-12,428.5,291.7,24.6,2.0,61.1,25.1,7.41,70.7,46.1,17.31,15.47,4.06,63.4,Severe
Chennai,2015-03-12,68.9,239.9,197.1,16.3,207.2,44.0,0.66,6.7,113.6,5.45,4.45,6.41,320.3,Moderate
Kolkata,2015-03-12,419.2,128.7,74.4,115.5,96.9,32.0,3.8,89.5,104.7,4.77,11.49,5.17,321.1,Moderate
Bangalore,2015-03-12,156.2,558.5,22.8,8.3,193.7,3.0,8.97,90.2,136.9,7.93,21.42,7.63,183.3,Very Poor
Delhi,2015-03-13,134.0,114.7,139.8,96.8,115.8,4.2,2.91,92.0,174.9,10.97,8.94,7.47,176.3,Poor
Mumbai,2015-03-13,184.7,444.8,110.3,29.4,20.0,17.3,6.28,20.9,112.2,16.07,20.47,3.02,243.9,Moderate
Chennai,2015-03-13,80.9,525.4,146.2,118.7,235.7,48.7,2.04,39.7,99.4,11.64,1.06,9.43,389.9,Poor
Kolkata,2015-03-13,493.1,371.7,148.8,110.6,76.6,24.4,2.87,2.3,33.1,8.58,9.05,4.55,154.1,Poor
Bangalore,2015-03-13,496.9,129.7,73.2,58.1,173.3,16.2,2.46,33.6,16.9,9.13,16.76,6.81,316.6,Severe
Delhi,2015-03-14,130.0,235.0,56.6,4.6,170.8,25.2,3.19,60.5,189.6,12.6,29.97,7.22,74.1,Moderate
Mumbai,2015-03-14,375.8,253.9,157.7,62.5,83.7,24.5,5.35,76.1,125.7,4.03,13.72,5.91,74.5,Poor
Chennai,2015-03-14,416.8,378.7,98.2,85.4,72.9,29.7,3.23,26.1,117.5,17.49,21.86,7.04,280.4,Severe
Kolkata,2015-03-14,145.0,564.4,105.4,115.8,49.6,22.3,8.93,40.6,54.8,12.75,28.85,6.99,277.6,Very Poor
Bangalore,2015-03-14,60.6,186.0,53.0,59.1,200.6,22.1,1.03,48.5,102.2,7.74,2.64,4.02,391.4,Severe
Delhi,2015-03-15,429.2,20.0,99.7,45.4,69.3,41.4,7.73,93.0,67.2,8.42,2.81,3.1,467.3,Satisfactory
Mumbai,2015-03-15,430.9,40.1,96.9,20.1,178.6,31.7,5.64,83.8,41.6,18.51,17.26,9.22,376.4,Very Poor
Chennai,2015-03-15,345.9,333.4,4.7,88.1,34.4,37.0,4.97,84.3,105.2,1.31,15.56,3.82,216.5,Good
Kolkata,2015-03-15,380.3,446.7,171.3,138.3,200.0,29.9,6.67,42.6,152.2,15.51,23.73,9.06,357.2,Satisfactory
Bangalore,2015-03-15,50.0,60.8,75.6,3.3,164.8,9.6,1.86,45.1,44.0,9.95,14.27,5.8,486.2,Poor
Delhi,2015-03-16,155.4,358.4,114.2,62.8,232.0,25.3,0.82,9.7,89.1,18.77,20.97,1.22,436.1,Poor
Mumbai,2015-03-16,43.5,458.1,9.1,99.6,54.2,3.5,4.99,72.3,58.1,5.6,10.46,1.56,90.3,Satisfactory
Chennai,2015-03-16,383.0,424.2,66.9,72.9,185.2,7.8,9.96,91.1,151.3,9.81,1.41,8.83,142.2,Very Poor
Kolkata,2015-03-16,207.1,165.5,162.7,94.7,6.5,29.2,7.92,14.8,23.3,0.13,7.09,1.34,100.9,Very Poor
Bangalore,2015-03-16,493.3,567.3,64.2,8.9,173.3,5.6,2.08,57.4,85.2,17.23,0.19,0.07,157.5,Poor
Delhi,2015-03-17,348.1,361.7,91.9,139.4,88.6,49.4,1.82,60.5,67.7,11.5,16.82,3.59,42.4,Severe
Mumbai,2015-03-17,427.8,106.6,105.1,39.8,240.8,42.1,8.64,12.3,193.4,1.91,26.9,6.36,490.5,Moderate
Chennai,2015-03-17,171.4,463.6,34.6,23.0,214.3,29.4,8.02,34.5,44.9,9.76,18.61,3.09,235.2,Poor
Kolkata,2015-03-17,31.5,362.1,156.0,73.8,240.7,38.5,7.03,33.7,61.5,14.01,29.71,7.95,477.9,Poor
Bangalore,2015-03-17,220.7,322.2,55.5,58.4,125.8,27.3,6.57,58.6,123.4,8.9,8.07,3.63,289.5,Moderate
Delhi,2015-03-18,441.6,289.1,92.1,131.6,47.9,34.0,3.31,54.3,185.5,3.76,12.83,3.21,403.6,Poor
Mumbai,2015-03-18,467.9,580.5,162.3,70.4,78.0,33.2,6.29,62.3,196.1,16.13,11.52,7.54,426.5,Very Poor
Chennai,2015-03-18,386.2,10.8,135.0,35.0,175.1,6.6,4.5,72.1,171.0,14.98,15.51,6.23,195.5,Severe
Kolkata,2015-03-18,243.7,92.3,44.0,70.5,46.0,4.8,0.79,64.6,37.3,17.47,19.99,4.39,256.2,Satisfactory
Bangalore,2015-03-18,112.7,466.3,135.8,100.2,221.1,40.3,5.25,99.6,33.1,13.79,0.7,2.1,31.3,Moderate
Delhi,2015-03-19,134.6,542.3,104.6,94.3,185.4,9.6,4.72,36.9,102.4,15.63,28.78,8.94,280.8,Very Poor
Mumbai,2015-03-19,73.5,582.4,166.2,148.6,56.9,13.6,6.06,32.3,195.1,3.76,16.63,2.65,225.9,Poor
Chennai,2015-03-19,476.8,580.7,0.0,18.9,17.6,45.2,8.97,58.6,138.1,13.2,12.66,4.44,338.2,Satisfactory
Kolkata,2015-03-19,62.6,449.5,54.0,52.2,70.9,26.8,6.67,89.2,197.1,11.03,8.45,9.82,446.3,Moderate
Bangalore,2015-03-19,246.6,489.0,31.9,139.9,232.5,16.2,7.54,13.5,133.1,7.12,15.77,4.76,360.9,Poor
Delhi,2015-03-20,102.7,348.6,108.7,130.1,151.2,17.7,4.24,91.3,151.7,10.58,22.24,2.27,295.2,Satisfactory
Mumbai,2015-03-20,281.8,267.7,160.0,70.0,142.6,6.8,9.58,98.9,85.0,10.03,25.03,9.71,431.5,Moderate
Chennai,2015-03-20,484.7,500.7,39.2,125.4,58.6,19.0,0.79,73.3,10.0,12.51,24.54,7.64,342.6,Satisfactory
Kolkata,2015-03-20,127.1,11.7,41.4,29.0,13.7,11.8,6.31,7.8,175.9,19.97,2.26,3.51,111.0,Good
Bangalore,2015-03-20,17.5,395.7,59.1,143.2,60.5,34.7,9.41,1.0,69.0,15.79,0.98,8.5,84.1,Severe
Delhi,2015-03-21,117.6,424.2,191.5,83.7,172.2,19.8,8.62,70.2,18.7,7.77,12.65,3.11,104.5,Very Poor
Mumbai,2015-03-21,443.6,143.4,4.7,67.0,191.9,1.9,2.27,49.2,32.9,2.15,20.94,5.23,316.9,Very Poor
Chennai,2015-03-21,87.8,113.8,70.6,13.3,188.0,44.6,4.28,14.1,28.0,0.06,6.09,2.98,314.9,Moderate
Kolkata,2015-03-21,323.9,537.1,5.3,24.6,18.9,43.4,7.58,17.0,115.7,18.67,29.88,3.63,207.3,Good
Bangalore,2015-03-21,174.8,205.0,119.5,103.5,35.1,39.9,4.56,54.4,193.1,18.06,2.06,1.02,440.6,Severe
Delhi,2015-03-22,301.5,144.0,49.9,55.6,177.7,14.1,3.54,60.7,61.7,11.73,13.54,3.58,216.1,Satisfactory
Mumbai,2015-03-22,133.8,364.7,57.6,13.2,106.5,36.7,4.01,57.8,194.0,11.33,11.54,2.11,225.6,Satisfactory
Chennai,2015-03-22,329.6,107.5,35.5,133.1,18.3,39.7,0.14,26.9,119.0,18.77,20.7,6.93,143.8,Satisfactory
Kolkata,2015-03-22,488.6,208.1,37.1,96.9,202.9,18.4,1.21,30.9,82.0,13.92,1.51,3.69,215.9,Poor
Bangalore,2015-03-22,24.7,417.5,185.4,149.7,32.5,11.1,1.61,82.5,120.8,19.67,4.56,1.4,81.5,Moderate
Delhi,2015-03-23,439.1,540.0,184.2,68.6,182.8,41.2,6.0,93.0,134.5,3.45,24.75,9.44,271.9,Severe
Mumbai,2015-03-23,325.7,593.6,171.4,72.1,221.0,45.8,4.41,77.9,148.4,17.75,8.56,1.66,373.6,Satisfactory
Chennai,2015-03-23,156.6,237.5,191.4,6.3,87.0,22.0,9.38,85.7,87.7,9.85,29.14,3.91,406.2,Satisfactory
Kolkata,2015-03-23,442.5,9.8,172.4,130.6,129.9,24.5,6.55,27.8,128.0,18.0,4.78,9.5,284.6,Satisfactory
Bangalore,2015-03-23,331.9,16.8,164.3,118.1,48.5,48.0,2.06,30.2,20.4,19.65,20.37,3.37,299.1,Very Poor
Delhi,2015-03-24,437.8,293.9,76.3,47.2,161.6,25.7,2.92,41.0,19.5,18.69,18.77,7.72,34.5,Satisfactory
Mumbai,2015-03-24,52.3,271.9,139.9,119.8,70.2,34.7,1.1,22.6,38.9,0.78,10.16,4.7,276.0,Very Poor
Chennai,2015-03-24,221.5,146.3,0.0,149.0,101.9,30.5,4.23,64.7,127.3,3.51,17.31,2.26,52.5,Severe
Kolkata,2015-03-24,236.3,56.8,117.7,43.5,147.5,30.4,2.37,46.7,0.0,15.05,20.39,1.58,223.5,Very Poor
Bangalore,2015-03-24,428.4,588.4,18.7,57.9,105.6,22.6,7.08,71.4,189.6,17.88,12.1,5.62,80.3,Satisfactory
Delhi,2015-03-25,450.7,234.8,125.4,94.8,6.9,38.7,4.21,99.7,193.7,7.14,8.62,1.34,251.1,Good
Mumbai,2015-03-25,430.0,300.4,166.2,148.1,247.9,6.8,8.12,50.6,138.3,1.52,9.62,6.78,47.8,Poor
Chennai,2015-03-25,383.7,407.2,117.7,112.2,4.9,20.3,7.14,79.2,171.1,1.5,3.94,1.99,152.2,Poor
Kolkata,2015-03-25,224.5,374.0,19.8,148.8,240.3,18.6,5.98,74.3,115.7,15.37,15.49,1.81,448.7,Poor
Bangalore,2015-03-25,46.1,358.7,77.0,148.6,200.5,41.2,2.82,13.6,64.3,9.91,21.47,1.54,380.6,Moderate
Delhi,2015-03-26,285.7,577.6,5.9,81.0,211.1,10.3,6.68,88.4,156.5,2.92,14.51,6.18,359.0,Moderate
Mumbai,2015-03-26,319.0,73.3,52.2,71.9,220.5,26.2,3.01,28.6,94.9,10.93,25.3,5.97,58.3,Very Poor
Chennai,2015-03-26,64.3,372.7,132.2,70.0,88.4,32.4,7.0,59.6,103.7,13.31,23.67,6.57,63.6,Good
Kolkata,2015-03-26,223.1,78.3,14.0,7.8,188.0,6.5,8.58,8.0,68.8,19.73,7.44,1.02,442.9,Poor
Bangalore,2015-03-26,106.4,595.3,179.7,26.1,146.3,21.2,9.66,34.4,79.5,5.75,15.53,6.92,160.2,Poor
Delhi,2015-03-27,73.3,306.6,124.4,43.7,159.1,31.9,5.43,49.4,50.1,8.33,29.22,8.15,35.4,Severe
Mumbai,2015-03-27,252.0,220.2,193.4,68.1,24.7,36.3,0.57,73.4,95.4,7.62,22.82,2.65,274.9,Very Poor
Chennai,2015-03-27,14.2,557.4,7.5,111.3,73.3,20.9,3.78,96.1,190.7,16.43,5.69,2.85,153.6,Good
Kolkata,2015-03-27,364.4,126.2,150.1,50.0,175.1,15.3,4.77,70.3,25.1,17.72,2.15,9.26,484.3,Very Poor
Bangalore,2015-03-27,200.3,304.6,155.9,132.0,213.8,25.6,1.29,16.2,36.0,19.76,10.69,4.24,41.5,Satisfactory
Delhi,2015-03-28,158.3,529.7,198.0,131.3,233.4,15.9,8.72,59.1,141.7,15.14,23.72,0.49,376.7,Moderate
Mumbai,2015-03-28,346.4,410.5,104.1,34.9,215.1,49.7,1.46,81.0,77.8,17.07,1.2,8.59,144.2,Good
Chennai,2015-03-28,395.8,72.3,40.2,141.3,248.1,6.8,7.56,37.4,17.7,14.27,4.64,0.32,83.8,Very Poor
Kolkata,2015-03-28,118.6,125.2,34.9,144.8,88.1,5.8,3.1,25.0,2.2,7.48,13.91,7.94,494.4,Poor
Bangalore,2015-03-28,371.3,579.8,199.3,116.1,47.5,46.0,6.35,51.5,54.9,1.59,6.93,2.67,7.1,Good
Delhi,2015-03-29,383.4,137.4,2.9,19.1,248.7,29.1,0.78,24.4,101.9,9.15,16.22,0.84,405.4,Severe
Mumbai,2015-03-29,278.2,57.1,24.8,30.7,127.1,6.5,0.75,73.4,26.6,17.71,3.81,6.92,484.4,Moderate
Chennai,2015-03-29,77.6,203.2,102.0,139.6,155.3,9.8,4.41,93.4,60.6,0.33,28.26,4.09,406.5,Satisfactory
Kolkata,2015-03-29,34.4,330.0,149.6,5.4,34.6,25.2,6.47,50.4,5.2,11.0,7.23,5.4,283.4,Moderate
Bangalore,2015-03-29,100.6,241.9,108.1,10.0,127.3,15.5,6.28,45.1,24.8,16.09,16.92,7.66,202.1,Very Poor
Delhi,2015-03-30,483.8,272.3,131.7,125.1,96.8,29.9,8.06,52.0,184.7,1.57,22.11,1.24,239.5,Very Poor
Mumbai,2015-03-30,427.7,437.0,36.2,13.8,76.2,17.7,8.4,6.1,58.1,11.91,7.99,4.2,376.7,Severe
Chennai,2015-03-30,375.3,133.0,109.2,76.8,218.0,14.6,4.73,9.8,178.8,19.08,9.38,2.53,183.3,Severe
Kolkata,2015-03-30,328.6,42.9,140.2,101.1,60.7,40.9,8.03,79.3,18.5,17.61,25.31,6.76,260.0,Poor
Bangalore,2015-03-30,328.8,213.9,113.0,73.1,137.1,35.3,0.62,16.8,43.2,0.3,27.87,3.01,201.8,Good
Delhi,2015-03-31,407.3,518.9,26.4,147.8,101.4,44.5,6.17,56.8,61.3,10.35,13.6,4.64,220.9,Poor
Mumbai,2015-03-31,488.3,433.8,1.0,130.1,174.8,46.3,6.16,97.9,82.5,0.7,7.42,3.66,351.0,Satisfactory
Chennai,2015-03-31,90.4,153.5,5.0,125.9,83.2,41.0,1.81,42.4,199.4,12.43,3.3,4.04,248.3,Satisfactory
Kolkata,2015-03-31,459.6,263.0,13.5,31.8,197.1,33.5,1.3,70.9,126.9,18.09,10.3,3.23,93.6,Poor
Bangalore,2015-03-31,498.1,421.4,19.9,114.7,13.3,44.1,6.65,23.6,117.3,19.64,26.18,4.43,490.5,Good
Delhi,2015-04-01,497.0,199.0,138.6,15.1,45.1,32.2,4.71,49.5,91.8,16.35,21.71,3.05,155.8,Satisfactory
Mumbai,2015-04-01,264.6,520.1,195.9,149.7,63.0,18.6,6.6,91.8,139.7,6.08,11.07,3.97,35.2,Very Poor
Chennai,2015-04-01,267.8,140.3,168.9,75.3,126.9,46.6,3.76,23.6,172.2,10.73,24.01,6.53,393.5,Moderate
Kolkata,2015-04-01,59.0,513.9,110.3,101.1,237.9,43.6,4.25,23.0,25.0,18.59,27.27,0.71,496.9,Good
Bangalore,2015-04-01,89.9,41.4,174.2,27.1,86.5,4.0,3.06,45.8,8.9,7.49,23.78,4.8,67.7,Poor
Delhi,2015-04-02,341.5,588.2,47.7,100.0,28.3,37.1,5.71,25.8,75.1,18.46,25.34,1.86,420.4,Severe
Mumbai,2015-04-02,245.6,489.9,45.4,74.9,78.0,15.3,1.51,6.1,149.5,12.19,13.82,9.52,87.3,Poor
Chennai,2015-04-02,388.9,156.8,52.7,3.9,191.9,11.0,9.63,39.7,82.7,4.63,20.55,1.43,120.4,Severe
Kolkata,2015-04-02,270.8,294.7,10.6,16.8,227.9,18.4,9.52,69.2,70.9,13.98,6.18,4.18,326.7,Severe
Bangalore,2015-04-02,303.2,328.1,160.1,92.0,124.5,43.4,8.15,30.3,80.1,0.99,14.69,2.44,16.6,Very Poor
Delhi,2015-04-03,157.0,337.3,149.0,100.6,206.0,36.2,9.88,33.1,169.7,6.52,20.29,7.22,87.4,Very Poor
Mumbai,2015-04-03,214.3,35.5,32.1,136.1,126.1,20.9,8.6,28.7,137.4,9.39,18.8,5.25,126.9,Moderate
Chennai,2015-04-03,106.6,109.0,159.8,31.1,19.3,30.9,3.58,42.0,108.7,1.1,4.74,8.59,262.7,Moderate
Kolkata,2015-04-03,289.2,256.9,198.3,124.8,137.4,4.7,5.45,51.5,67.6,5.3,22.45,5.45,481.8,Severe
Bangalore,2015-04-03,289.0,390.8,20.1,97.0,191.5,17.0,2.89,7.8,60.7,15.56,18.03,7.13,215.4,Severe
Delhi,2015-04-04,419.1,31.5,178.9,83.8,161.1,29.6,8.36,48.7,2.9,1.44,24.85,3.62,400.4,Very Poor
Mumbai,2015-04-04,278.4,340.4,25.7,73.9,111.7,48.8,9.27,42.8,42.6,16.23,22.46,0.67,261.4,Good
Chennai,2015-04-04,177.9,509.7,51.3,118.6,32.9,36.9,2.51,76.8,109.8,12.27,14.67,9.89,283.0,Good
Kolkata,2015-04-04,183.6,585.6,47.2,44.0,207.6,49.2,3.5,69.9,22.2,1.79,24.5,2.47,284.8,Very Poor
Bangalore,2015-04-04,62.6,454.7,155.9,133.9,226.2,9.5,9.23,29.9,118.6,3.38,24.52,9.89,435.6,Poor
Delhi,2015-04-05,376.9,236.2,30.2,42.6,162.2,20.9,6.27,74.8,7.7,3.21,4.94,6.33,315.7,Moderate
Mumbai,2015-04-05,182.1,549.6,46.1,54.9,131.9,25.8,9.81,46.4,192.0,10.75,24.99,0.69,202.0,Satisfactory
Chennai,2015-04-05,388.0,322.6,72.5,75.4,106.2,14.6,7.48,45.0,11.0,4.15,18.27,3.39,251.4,Moderate
Kolkata,2015-04-05,491.4,351.9,26.4,21.7,190.0,24.5,3.62,32.8,108.3,4.42,1.98,4.62,99.5,Poor
Bangalore,2015-04-05,244.9,38.6,186.7,87.3,121.1,21.4,4.45,5.8,45.3,12.86,22.59,7.68,181.8,Satisfactory
Delhi,2015-04-06,131.4,175.9,6.5,50.1,150.4,15.8,8.33,32.0,5.2,12.34,6.86,5.63,467.2,Poor
Mumbai,2015-04-06,262.4,432.3,41.7,37.1,201.3,9.4,4.35,89.5,145.9,2.44,29.14,8.96,281.0,Poor
Chennai,2015-04-06,292.5,186.3,140.7,21.2,216.1,10.0,4.43,91.5,97.0,3.12,5.58,6.21,307.0,Satisfactory
Kolkata,2015-04-06,7.3,254.2,154.3,126.7,237.3,35.5,5.31,57.6,105.7,2.22,29.97,8.39,247.3,Moderate
Bangalore,2015-04-06,454.3,212.3,182.1,59.6,217.1,23.7,6.86,71.0,67.6,16.67,28.19,4.71,392.7,Moderate
Delhi,2015-04-07,202.9,410.3,142.8,19.1,218.4,8.1,7.79,88.5,173.7,0.68,15.79,8.39,479.2,Satisfactory
Mumbai,2015-04-07,253.6,347.4,84.9,79.2,100.8,22.1,4.46,94.3,68.3,0.21,18.05,4.92,236.2,Very Poor
Chennai,2015-04-07,233.4,577.7,14.0,137.3,233.7,20.5,9.75,38.2,195.9,18.87,1.16,2.61,343.9,Satisfactory
Kolkata,2015-04-07,128.3,285.6,165.9,78.8,195.8,5.6,3.87,61.5,90.5,18.82,3.46,8.43,211.8,Poor
Bangalore,2015-04-07,134.9,388.6,188.6,143.7,178.0,25.8,0.65,3.1,70.9,10.05,13.42,1.01,455.1,Very Poor
Delhi,2015-04-08,190.5,148.9,156.4,59.0,243.5,16.7,7.91,79.1,19.8,2.12,16.34,1.58,134.2,Severe
Mumbai,2015-04-08,233.9,557.0,8.0,56.1,2.5,27.8,8.68,17.6,178.5,11.06,13.82,3.49,437.5,Moderate
Chennai,2015-04-08,323.7,580.8,102.0,146.4,117.8,40.0,0.02,1.4,193.1,10.77,7.68,7.46,453.3,Good
Kolkata,2015-04-08,232.0,315.0,120.2,137.4,100.5,1.3,4.72,97.3,137.4,18.09,20.66,8.79,135.7,Very Poor
Bangalore,2015-04-08,148.1,365.9,136.7,57.3,14.2,22.3,9.5,91.2,197.0,9.88,20.24,5.3,96.6,Good
Delhi,2015-04-09,263.4,131.5,113.2,72.8,123.1,42.5,7.04,16.0,113.1,3.88,17.2,1.99,198.1,Poor
Mumbai,2015-04-09,108.5,478.5,44.9,126.4,93.3,16.1,6.77,63.9,142.9,2.98,21.6,6.99,270.7,Very Poor
Chennai,2015-04-09,335.5,303.0,8.1,74.4,177.5,8.0,6.67,23.5,31.8,8.39,12.56,2.48,421.2,Poor
Kolkata,2015-04-09,335.4,515.0,17.0,85.3,129.9,24.2,7.56,20.2,146.3,3.64,11.24,8.2,337.4,Poor
Bangalore,2015-04-09,412.4,227.8,21.6,34.7,138.8,33.7,8.77,3.1,97.7,0.35,9.2,2.18,453.9,Very Poor
Delhi,2015-04-10,279.6,426.9,31.7,15.6,8.0,34.7,8.84,44.2,35.1,2.47,26.87,8.1,37.9,Good
Mumbai,2015-04-10,69.4,35.5,160.2,82.5,217.1,2.2,8.96,61.4,96.6,11.86,29.15,0.11,205.6,Satisfactory
Chennai,2015-04-10,7.1,521.2,102.6,129.0,198.5,1.2,3.83,61.4,195.1,12.08,1.77,3.04,68.0,Moderate
Kolkata,2015-04-10,246.9,296.2,2.7,54.6,78.4,2.0,2.69,48.8,133.2,1.29,23.37,7.04,233.5,Good
Bangalore,2015-04-10,421.2,90.5,66.7,105.0,193.4,24.5,3.64,78.8,56.8,7.88,0.78,8.8,128.7,Very Poor
Delhi,2015-04-11,155.6,59.2,149.4,34.3,208.8,28.1,3.88,82.3,150.2,18.53,1.77,7.06,452.2,Severe
Mumbai,2015-04-11,81.5,99.9,188.1,5.3,211.8,46.9,3.03,67.4,15.4,12.1,12.07,3.59,137.2,Poor
Chennai,2015-04-11,137.4,217.2,179.4,41.5,17.4,30.2,5.82,42.0,165.2,7.53,3.84,1.96,208.4,Severe
Kolkata,2015-04-11,176.1,143.6,188.8,65.6,196.8,23.0,5.98,68.5,40.5,10.87,1.14,0.91,280.3,Satisfactory
Bangalore,2015-04-11,446.6,551.3,43.6,18.8,149.4,5.6,3.25,90.8,37.3,0.52,25.59,0.41,408.0,Severe
Delhi,2015-04-12,435.4,494.1,102.9,97.2,198.6,41.5,1.58,33.2,71.0,14.86,25.47,8.39,397.7,Poor
Mumbai,2015-04-12,378.3,304.5,107.7,131.9,11.8,1.7,0.06,74.2,107.0,16.52,20.82,9.51,198.6,Moderate
Chennai,2015-04-12,469.8,387.7,138.8,85.7,22.9,6.1,7.86,45.3,72.5,3.77,1.34,8.45,473.5,Good
Kolkata,2015-04-12,102.8,598.5,174.4,114.8,190.7,13.4,8.25,92.5,80.2,2.95,0.06,1.83,370.4,Very Poor
Bangalore,2015-04-12,86.7,460.4,97.6,83.4,242.5,47.8,7.65,21.2,144.1,7.69,3.67,2.6,112.3,Moderate
Delhi,2015-04-13,483.8,448.7,0.3,37.3,116.5,41.8,0.89,17.1,164.8,13.12,22.92,0.61,165.5,Very Poor
Mumbai,2015-04-13,187.5,326.4,73.3,121.1,101.2,43.0,4.32,9.1,85.7,7.47,0.8,4.12,24.5,Moderate
Chennai,2015-04-13,64.0,394.4,133.1,64.5,197.3,45.0,3.71,52.6,154.8,4.41,18.91,9.15,459.1,Very Poor
Kolkata,2015-04-13,290.1,326.2,100.2,101.3,235.3,40.0,9.6,21.1,135.7,8.42,9.48,8.69,114.3,Severe
Bangalore,2015-04-13,331.5,434.7,98.0,147.0,49.2,37.1,6.58,14.2,46.0,11.53,15.65,8.47,74.3,Severe
Delhi,2015-04-14,451.6,290.0,83.5,79.5,102.9,31.0,1.71,48.2,45.8,11.55,1.63,9.99,75.9,Severe
Mumbai,2015-04-14,412.2,443.8,59.2,18.4,57.6,49.4,8.0,91.7,102.4,10.0,22.36,7.19,56.1,Very Poor
Chennai,2015-04-14,473.8,103.3,155.5,5.4,107.9,33.7,7.19,13.1,41.8,1.84,7.6,2.15,105.6,Very Poor
Kolkata,2015-04-14,137.9,267.7,73.3,81.7,35.9,13.2,5.51,65.0,125.9,1.88,14.43,2.64,76.6,Moderate
Bangalore,2015-04-14,121.0,349.1,97.3,108.5,77.9,41.6,0.5,56.6,70.6,16.46,11.57,8.17,397.1,Satisfactory
Delhi,2015-04-15,351.3,443.6,55.4,94.1,193.6,45.3,6.09,18.2,198.2,1.63,27.48,0.33,458.0,Very Poor
Mumbai,2015-04-15,409.1,322.0,7.3,147.5,87.1,32.1,0.44,36.0,174.7,13.65,22.16,2.4,360.9,Moderate
Chennai,2015-04-15,210.0,566.2,185.9,72.2,142.0,49.5,4.0,90.4,114.5,5.46,13.45,6.65,168.2,Good
Kolkata,2015-04-15,49.3,375.2,50.4,22.8,118.6,25.5,4.14,82.7,177.6,9.74,11.56,0.09,253.3,Severe
Bangalore,2015-04-15,79.2,575.0,178.9,53.8,246.4,17.3,7.97,83.9,93.7,3.25,20.04,3.05,387.8,Moderate
Delhi,2015-04-16,181.7,45.7,39.8,138.3,232.7,14.0,6.46,34.2,170.9,7.3,19.52,1.23,105.8,Satisfactory
Mumbai,2015-04-16,359.4,470.5,18.0,114.0,34.9,18.8,5.01,84.4,48.4,15.95,20.11,2.73,468.4,Satisfactory
Chennai,2015-04-16,85.0,553.2,137.4,11.7,23.1,16.3,1.49,96.8,102.3,9.42,21.67,9.23,175.4,Satisfactory
Kolkata,2015-04-16,481.5,386.4,142.9,101.0,209.4,35.3,2.8,3.3,192.3,18.55,29.98,1.6,175.8,Satisfactory
Bangalore,2015-04-16,365.7,54.0,19.9,122.2,136.6,49.4,1.24,29.9,75.4,18.13,20.53,0.67,478.1,Good
Delhi,2015-04-17,489.6,493.6,22.9,116.3,16.3,37.9,9.67,44.1,60.3,13.47,3.07,8.28,37.1,Severe
Mumbai,2015-04-17,231.4,310.9,141.6,101.9,156.7,21.7,2.19,70.4,26.1,17.49,18.4,8.48,105.7,Severe
Chennai,2015-04-17,249.1,187.9,109.5,84.3,188.5,26.8,0.39,19.3,41.5,7.48,1.42,8.68,232.1,Good
Kolkata,2015-04-17,269.2,466.8,159.1,4.1,26.8,48.5,1.79,55.3,37.3,6.71,17.3,0.28,192.9,Very Poor
Bangalore,2015-04-17,225.7,575.8,48.4,77.6,202.8,5.9,2.54,87.5,64.4,3.15,15.42,6.32,146.0,Poor
Delhi,2015-04-18,137.9,554.0,168.7,12.7,146.3,5.3,2.43,63.2,119.7,13.9,11.85,6.97,379.0,Severe
Mumbai,2015-04-18,329.0,323.5,118.4,84.6,170.3,8.2,5.75,70.9,88.2,5.61,28.46,4.91,280.3,Satisfactory
Chennai,2015-04-18,489.1,298.3,107.7,1.6,94.2,49.4,9.91,47.8,121.2,0.09,25.54,7.65,135.6,Moderate
Kolkata,2015-04-18,111.3,248.8,138.5,27.7,26.4,20.3,4.26,68.4,193.9,7.1,9.52,9.98,103.2,Good
Bangalore,2015-04-18,72.7,39.3,122.2,9.8,18.7,28.0,4.2,7.3,168.2,7.44,26.78,1.78,360.4,Good
Delhi,2015-04-19,262.0,498.8,143.0,113.0,85.2,1.8,4.19,1.4,195.1,13.54,6.33,5.52,118.1,Moderate
Mumbai,2015-04-19,162.2,355.0,41.5,98.0,185.8,39.3,7.68,22.3,37.3,13.44,1.06,0.1,38.5,Satisfactory
Chennai,2015-04-19,422.3,94.6,36.5,28.8,173.6,46.4,5.89,71.9,27.7,10.96,17.75,8.62,492.9,Moderate
Kolkata,2015-04-19,419.7,294.8,74.5,109.8,196.1,33.8,8.4,52.5,86.4,17.45,18.1,4.55,43.9,Moderate
Bangalore,2015-04-19,431.0,350.1,137.9,15.2,155.1,8.9,3.51,12.7,81.2,8.28,27.5,7.6,69.2,Very Poor
Delhi,2015-04-20,188.2,460.0,90.9,96.9,164.1,14.0,5.18,100.0,37.3,6.62,2.66,8.73,269.1,Very Poor
Mumbai,2015-04-20,424.6,590.4,96.6,133.3,118.6,34.0,8.0,11.8,87.2,11.51,16.91,8.48,231.8,Moderate
Chennai,2015-04-20,275.7,17.5,102.3,122.4,34.3,46.5,0.75,79.2,189.3,5.33,6.03,4.41,113.1,Good
Kolkata,2015-04-20,380.5,335.1,94.2,116.1,202.0,4.6,9.86,78.5,11.3,7.95,28.96,6.09,305.8,Moderate
Bangalore,2015-04-20,140.6,23.5,117.6,20.8,231.9,16.1,3.08,79.7,169.6,10.89,12.11,8.22,44.1,Good
Delhi,2015-04-21,338.0,277.2,3.8,105.4,82.8,42.1,0.61,15.9,135.2,9.31,27.34,3.13,198.4,Moderate
Mumbai,2015-04-21,337.8,113.0,144.7,18.0,231.5,37.8,8.68,86.9,137.8,16.68,14.55,0.51,131.7,Moderate
Chennai,2015-04-21,428.2,308.2,149.2,68.0,144.4,19.2,7.55,66.5,32.1,0.13,9.15,6.91,345.5,Moderate
Kolkata,2015-04-21,358.2,219.9,172.8,94.3,172.6,24.1,7.55,4.5,136.6,6.61,12.76,2.93,43.5,Moderate
Bangalore,2015-04-21,2.7,68.2,28.5,66.1,152.5,0.6,8.01,98.5,144.2,0.2,17.15,7.25,321.2,Good
Delhi,2015-04-22,398.5,464.4,64.5,18.8,105.5,6.3,1.28,76.1,68.3,18.53,2.55,4.58,40.4,Poor
Mumbai,2015-04-22,377.1,521.0,153.1,100.6,47.0,44.5,6.7,93.5,12.5,15.08,13.15,9.26,406.9,Poor
Chennai,2015-04-22,459.9,193.7,141.3,112.7,124.9,38.0,8.07,18.9,121.0,12.07,24.59,8.14,142.8,Good
Kolkata,2015-04-22,211.4,39.6,126.4,20.3,230.3,23.2,8.33,90.5,131.3,3.05,5.33,9.11,262.9,Very Poor
Bangalore,2015-04-22,246.3,114.3,120.0,10.6,160.4,12.5,9.33,3.9,84.5,11.72,26.67,8.29,138.1,Poor
Delhi,2015-04-23,124.2,242.7,20.9,87.0,128.4,46.3,3.85,80.9,98.8,1.26,3.57,9.74,252.3,Satisfactory
Mumbai,2015-04-23,395.4,181.9,92.5,2.4,180.2,11.3,5.47,68.0,93.8,11.15,13.1,5.34,267.2,Poor
Chennai,2015-04-23,59.7,451.6,11.6,8.6,101.5,15.4,3.68,95.5,167.8,10.88,5.47,6.45,279.4,Satisfactory
Kolkata,2015-04-23,176.4,503.9,194.3,52.8,165.5,45.8,0.73,96.9,87.8,4.86,2.82,7.28,72.1,Good
Bangalore,2015-04-23,491.5,415.3,136.8,11.8,225.2,36.6,7.74,15.4,107.2,1.47,20.42,3.41,212.4,Moderate
Delhi,2015-04-24,287.7,513.2,48.5,108.1,178.3,22.0,2.97,61.1,6.3,6.7,2.33,9.09,256.2,Satisfactory
Mumbai,2015-04-24,121.9,260.9,100.6,115.9,78.5,45.4,0.43,53.1,194.0,12.95,25.06,5.15,149.8,Poor
Chennai,2015-04-24,68.3,350.4,50.9,81.9,214.7,28.7,1.57,22.2,175.5,18.33,5.97,4.87,309.0,Poor
Kolkata,2015-04-24,177.1,519.7,142.6,141.4,240.2,34.7,5.43,68.9,15.8,17.96,17.46,8.89,344.3,Good
Bangalore,2015-04-24,466.5,303.7,80.6,129.7,84.6,5.0,8.77,63.9,14.1,5.99,29.13,8.47,448.5,Moderate
Delhi,2015-04-25,204.1,11.7,127.3,10.2,242.0,18.0,6.0,51.3,42.1,5.17,25.51,0.73,181.9,Good
Mumbai,2015-04-25,321.9,467.8,20.1,121.6,4.2,41.4,0.19,98.9,141.0,19.62,2.34,7.49,368.0,Poor
Chennai,2015-04-25,65.9,83.2,155.1,121.5,238.7,26.8,1.29,49.2,47.2,11.94,19.85,9.9,262.7,Satisfactory
Kolkata,2015-04-25,58.5,0.2,133.5,109.2,37.2,37.6,8.29,21.5,116.6,14.77,19.16,5.42,74.7,Very Poor
Bangalore,2015-04-25,104.3,538.7,57.4,70.5,216.6,28.5,4.32,66.3,72.7,12.27,22.99,3.01,67.0,Severe
Delhi,2015-04-26,106.1,41.4,179.2,16.0,2.1,0.1,8.81,59.1,195.2,15.71,1.59,8.04,12.9,Very Poor
Mumbai,2015-04-26,472.5,313.0,173.8,112.4,9.1,4.8,1.01,84.8,96.1,2.33,4.1,4.15,278.5,Poor
Chennai,2015-04-26,400.2,231.7,167.1,44.1,9.3,21.8,9.51,60.0,63.9,17.3,27.72,0.21,285.3,Satisfactory
Kolkata,2015-04-26,157.9,523.1,163.1,83.0,125.8,13.5,2.69,17.0,71.5,8.11,4.48,5.54,186.0,Satisfactory
Bangalore,2015-04-26,285.2,420.5,9.4,7.8,12.5,17.0,0.57,8.6,54.1,1.15,26.46,8.41,273.6,Good
Delhi,2015-04-27,354.9,508.9,67.4,68.5,186.3,49.5,9.3,51.0,12.5,10.04,25.16,4.17,149.5,Good
Mumbai,2015-04-27,225.3,332.6,170.9,100.7,166.0,20.7,4.31,34.0,10.1,5.88,14.41,2.8,222.4,Severe
Chennai,2015-04-27,420.0,280.0,23.1,89.5,244.8,47.7,3.9,45.2,199.9,2.09,13.2,2.2,131.1,Good
Kolkata,2015-04-27,166.8,276.2,190.5,125.5,53.8,36.5,1.28,39.2,151.6,14.33,6.17,1.48,234.3,Moderate
Bangalore,2015-04-27,18.2,554.7,85.6,48.9,107.3,40.1,8.76,68.2,48.6,11.89,10.1,4.91,185.8,Poor
Delhi,2015-04-28,173.6,196.2,58.0,145.9,235.4,0.4,8.03,78.5,45.2,10.77,19.67,8.96,149.9,Very Poor
Mumbai,2015-04-28,226.9,33.6,92.7,46.2,83.9,10.9,3.11,73.5,174.6,11.5,1.24,6.96,474.9,Very Poor
Chennai,2015-04-28,179.4,419.3,72.4,67.0,47.8,45.3,4.08,11.5,170.6,12.16,26.99,3.91,383.5,Severe
Kolkata,2015-04-28,157.2,496.1,178.1,4.3,231.1,43.7,5.83,2.5,199.5,0.3,7.56,1.33,33.6,Severe
Bangalore,2015-04-28,270.6,433.1,169.6,103.8,20.5,14.2,5.84,77.9,79.7,2.86,28.91,1.0,40.6,Poor
Delhi,2015-04-29,82.8,532.4,56.9,5.9,123.9,30.1,8.95,99.6,13.4,3.75,9.24,3.14,392.8,Very Poor
Mumbai,2015-04-29,120.3,40.8,65.6,90.3,234.8,11.4,3.26,51.7,96.8,7.49,8.75,0.1,422.2,Poor
Chennai,2015-04-29,134.5,26.8,136.8,60.4,226.6,0.4,4.11,24.7,24.1,5.91,17.01,7.27,495.6,Good
Kolkata,2015-04-29,284.5,269.8,5.2,118.7,194.7,16.9,4.59,40.9,103.4,15.11,13.1,7.71,200.2,Severe
Bangalore,2015-04-29,328.3,14.8,166.2,121.0,44.2,42.4,4.29,39.4,141.0,7.1,27.56,2.86,395.5,Very Poor
Delhi,2015-04-30,334.1,351.2,25.0,68.0,47.4,0.0,1.69,19.9,27.9,12.24,27.05,3.66,106.3,Severe
Mumbai,2015-04-30,317.2,426.0,59.5,70.9,245.6,7.8,8.76,8.9,77.3,19.46,5.42,8.23,436.7,Moderate
Chennai,2015-04-30,217.0,31.3,185.6,37.0,171.3,4.7,7.77,69.8,169.4,7.35,4.35,2.29,124.5,Satisfactory
Kolkata,2015-04-30,271.9,465.4,96.5,110.3,121.2,24.9,4.93,55.4,63.7,7.69,0.72,0.42,386.3,Good
Bangalore,2015-04-30,326.2,133.9,0.8,103.5,170.8,36.9,9.63,96.1,143.9,6.8,27.3,6.72,397.5,Poor
Delhi,2015-05-01,176.8,97.0,57.0,133.9,193.2,48.1,5.01,4.5,66.4,18.83,0.97,6.23,139.2,Moderate
Mumbai,2015-05-01,308.9,272.0,182.1,70.8,225.8,15.5,1.22,57.8,169.7,18.85,21.17,3.34,264.7,Poor
Chennai,2015-05-01,309.6,165.9,30.6,84.1,34.8,7.8,7.75,10.3,136.6,19.59,0.85,7.92,69.9,Poor
Kolkata,2015-05-01,393.2,502.7,72.2,48.6,83.9,15.9,0.85,34.2,99.9,10.71,1.34,0.12,390.8,Severe
Bangalore,2015-05-01,55.2,545.8,145.9,144.7,132.1,49.6,4.96,67.8,81.6,13.85,15.74,5.55,338.0,Very Poor
Delhi,2015-05-02,117.2,560.8,172.4,92.5,122.5,36.3,9.82,19.9,148.1,19.88,14.51,9.19,288.3,Good
Mumbai,2015-05-02,415.8,313.8,117.1,46.8,14.9,18.8,6.66,72.8,72.3,9.36,27.94,1.13,149.1,Moderate
Chennai,2015-05-02,167.2,306.3,150.7,35.1,219.1,12.4,5.93,51.1,60.4,2.01,18.98,9.69,90.6,Moderate
Kolkata,2015-05-02,297.3,258.7,135.1,145.8,218.2,36.9,3.91,95.3,158.0,4.75,22.77,2.79,253.9,Severe
Bangalore,2015-05-02,144.9,473.6,36.9,85.0,88.3,27.7,3.84,35.9,104.2,4.6,25.1,6.02,261.1,Good
Delhi,2015-05-03,179.5,469.2,176.0,21.5,237.8,20.7,9.15,46.6,167.0,12.32,12.96,3.96,481.3,Good
Mumbai,2015-05-03,461.2,276.0,158.0,143.9,127.6,44.3,8.2,74.7,103.7,2.58,28.11,8.49,208.5,Severe
Chennai,2015-05-03,234.3,55.4,137.5,69.7,102.5,5.7,6.65,43.0,50.5,9.77,3.13,2.15,327.3,Poor
Kolkata,2015-05-03,324.8,369.1,83.6,10.7,4.3,44.5,9.93,80.2,83.7,4.99,6.42,3.96,319.2,Poor
Bangalore,2015-05-03,267.7,205.7,49.9,97.4,47.2,49.8,1.4,0.1,173.8,1.38,4.02,5.09,363.5,Severe
Delhi,2015-05-04,404.1,486.1,55.7,124.6,73.6,40.2,0.11,83.1,99.4,11.23,20.27,9.09,339.7,Severe
Mumbai,2015-05-04,0.7,352.5,173.3,97.8,121.4,42.4,1.94,66.5,2.1,19.58,29.8,0.71,14.8,Severe
Chennai,2015-05-04,168.9,523.1,193.9,92.5,64.1,7.7,1.62,83.6,174.7,17.08,2.92,2.83,33.9,Moderate
Kolkata,2015-05-04,105.6,193.0,23.0,81.0,172.0,20.1,3.06,52.0,26.8,4.9,10.87,5.21,16.4,Good
Bangalore,2015-05-04,498.7,77.3,83.4,114.3,102.6,49.6,0.79,39.4,174.7,12.56,25.61,8.11,236.3,Satisfactory
Delhi,2015-05-05,175.1,295.2,72.9,76.2,3.9,36.9,5.23,11.7,193.2,0.59,18.82,0.03,420.3,Poor
Mumbai,2015-05-05,35.2,426.1,65.5,74.1,102.9,18.9,8.33,99.4,81.2,8.92,26.78,0.36,488.5,Poor
Chennai,2015-05-05,168.4,532.3,78.2,4.4,20.9,16.4,2.98,44.6,187.8,11.36,5.76,9.8,492.2,Moderate
Kolkata,2015-05-05,468.5,339.5,114.8,88.8,246.2,20.1,3.75,28.3,23.7,3.6,26.37,4.6,310.1,Severe
Bangalore,2015-05-05,449.4,173.3,59.0,22.7,172.9,33.2,3.47,27.3,27.7,14.12,3.49,1.11,59.7,Good
Delhi,2015-05-06,20.7,343.3,59.7,18.5,89.4,35.6,3.94,18.4,37.6,9.52,22.75,2.52,482.3,Severe
Mumbai,2015-05-06,89.1,521.1,52.7,89.8,248.3,2.0,3.1,80.1,61.6,0.54,24.75,8.84,156.6,Satisfactory
Chennai,2015-05-06,283.8,205.2,136.0,50.0,218.0,28.5,9.16,69.5,132.6,13.07,0.98,6.61,272.9,Satisfactory
Kolkata,2015-05-06,418.2,50.4,87.7,132.3,173.8,30.7,2.79,5.6,74.9,2.59,18.42,0.74,408.4,Poor
Bangalore,2015-05-06,436.4,105.4,46.1,85.0,5.5,45.2,8.36,2.3,170.4,10.96,23.11,8.29,416.8,Good
Delhi,2015-05-07,415.6,50.8,17.4,146.9,94.9,15.7,0.43,56.0,127.8,7.86,2.54,8.5,356.1,Very Poor
Mumbai,2015-05-07,71.0,72.0,84.8,98.0,84.6,32.9,0.68,47.6,112.5,8.34,28.44,9.71,70.3,Severe
Chennai,2015-05-07,242.9,533.4,34.5,94.5,170.5,12.7,3.07,26.2,79.7,9.01,20.89,8.37,346.3,Severe
Kolkata,2015-05-07,412.1,232.7,165.2,11.9,0.6,1.0,8.76,19.0,38.0,10.14,23.82,5.01,228.5,Satisfactory
Bangalore,2015-05-07,171.6,370.3,1.0,100.5,189.7,35.8,8.12,77.1,93.6,5.37,5.73,2.84,245.6,Good
Delhi,2015-05-08,124.7,197.1,81.6,26.0,117.4,12.2,9.5,93.5,38.1,13.31,12.09,2.13,278.3,Poor
Mumbai,2015-05-08,319.8,190.8,2.1,98.0,38.1,20.7,7.99,52.8,16.9,4.41,0.85,7.86,228.0,Poor
Chennai,2015-05-08,239.3,516.0,71.0,5.6,166.1,39.4,3.06,81.2,182.5,17.41,29.19,7.92,54.8,Satisfactory
Kolkata,2015-05-08,460.6,227.9,152.4,104.2,209.7,31.6,0.06,2.1,176.8,14.35,7.28,3.05,382.6,Very Poor
Bangalore,2015-05-08,285.6,330.8,123.5,122.6,66.6,12.6,0.81,98.7,51.6,14.27,12.61,9.63,386.8,Good
Delhi,2015-05-09,87.0,122.6,182.4,66.2,20.7,40.5,8.11,51.7,162.3,9.99,25.19,6.46,81.5,Severe
Mumbai,2015-05-09,455.1,291.9,12.8,6.4,190.7,36.2,9.35,16.1,3.5,10.3,12.21,8.43,131.1,Good
Chennai,2015-05-09,428.3,53.2,66.6,37.9,51.6,14.8,8.57,16.7,101.6,18.93,8.94,4.54,120.7,Very Poor
Kolkata,2015-05-09,405.8,436.0,18.7,12.4,174.3,33.0,7.03,85.7,191.0,1.0,11.77,0.86,383.2,Poor
Bangalore,2015-05-09,25.4,76.7,9.6,27.6,205.2,33.1,1.8,48.5,177.8,15.33,29.62,2.83,119.5,Satisfactory
Delhi,2015-05-10,23.0,330.4,45.4,135.5,157.2,14.3,0.06,55.3,25.3,17.58,24.68,3.2,440.0,Poor
Mumbai,2015-05-10,252.6,2.7,110.4,40.8,40.0,49.0,1.37,77.9,124.3,17.15,18.24,6.97,464.4,Poor
Chennai,2015-05-10,273.9,182.3,145.0,134.7,55.9,15.4,3.58,69.0,58.2,3.44,15.25,5.36,192.2,Very Poor
Kolkata,2015-05-10,89.6,586.3,29.2,114.6,55.2,13.3,7.03,18.5,28.3,14.08,25.64,7.84,86.6,Satisfactory
Bangalore,2015-05-10,285.4,436.6,16.8,100.3,141.7,39.9,3.13,13.2,67.1,7.28,18.7,0.65,409.1,Poor
Delhi,2015-05-11,65.1,95.2,177.9,107.8,67.9,15.8,1.13,20.1,47.5,6.71,11.03,2.98,193.1,Good
Mumbai,2015-05-11,292.0,135.9,166.6,2.0,65.1,42.5,4.69,75.0,194.6,7.26,16.28,7.81,411.7,Satisfactory
Chennai,2015-05-11,344.4,379.3,92.3,7.5,219.3,8.1,4.15,87.5,46.7,16.63,7.13,8.83,385.9,Satisfactory
Kolkata,2015-05-11,398.0,84.4,178.4,20.3,39.7,5.1,6.86,23.1,36.4,7.88,10.48,8.82,282.9,Moderate
Bangalore,2015-05-11,264.2,144.3,180.6,147.1,191.3,40.6,2.59,65.5,122.5,5.2,1.35,8.16,157.8,Moderate
Delhi,2015-05-12,83.8,431.4,8.9,118.0,8.9,6.9,1.34,62.5,16.5,10.06,5.45,9.6,18.5,Poor
Mumbai,2015-05-12,44.3,317.8,135.5,17.3,26.6,31.3,1.79,39.8,179.5,16.86,16.63,3.94,400.2,Moderate
Chennai,2015-05-12,101.0,265.7,32.7,144.2,81.7,6.3,8.21,39.4,173.0,6.6,7.94,8.28,449.1,Poor
Kolkata,2015-05-12,451.8,546.7,83.4,116.4,187.6,29.7,1.98,68.7,11.3,7.21,15.66,7.74,487.9,Very Poor
Bangalore,2015-05-12,474.4,433.0,138.0,56.1,45.7,47.2,9.0,95.2,41.3,15.37,1.82,7.92,80.5,Severe
Delhi,2015-05-13,336.9,380.5,183.2,70.8,30.1,1.2,2.63,49.2,195.2,10.95,18.35,7.43,442.7,Moderate
Mumbai,2015-05-13,149.9,472.5,31.0,13.9,79.7,36.2,0.43,92.7,89.0,19.59,22.55,8.45,379.9,Very Poor
Chennai,2015-05-13,208.1,225.9,118.6,28.1,134.1,5.0,7.4,71.8,92.9,15.18,23.45,1.54,6.2,Poor
Kolkata,2015-05-13,7.0,409.3,114.5,21.1,51.1,35.5,0.89,25.1,137.8,15.88,3.97,8.26,190.9,Severe
Bangalore,2015-05-13,260.6,471.1,197.0,136.5,112.7,6.4,5.0,35.7,46.4,6.11,17.02,1.17,163.2,Moderate
Delhi,2015-05-14,315.5,17.8,93.0,52.9,186.7,16.1,3.63,36.0,172.2,6.63,9.35,2.73,43.9,Moderate
Mumbai,2015-05-14,324.1,478.0,35.9,1.3,239.5,42.6,4.58,17.1,166.0,0.51,3.96,2.73,265.7,Good
Chennai,2015-05-14,417.8,429.1,198.0,30.2,196.6,42.4,1.28,72.9,116.3,10.53,11.87,5.82,456.6,Good
Kolkata,2015-05-14,356.3,371.3,23.3,18.0,206.1,11.9,1.44,0.8,179.3,0.86,18.03,0.47,276.9,Moderate
Bangalore,2015-05-14,354.6,582.1,72.1,120.8,238.4,47.3,2.28,76.2,185.0,2.68,22.27,8.36,421.0,Satisfactory
Delhi,2015-05-15,151.4,186.4,66.0,46.6,179.9,15.2,7.97,28.0,132.7,9.93,23.71,8.17,28.9,Satisfactory
Mumbai,2015-05-15,486.2,580.5,113.7,41.1,64.4,7.3,5.71,29.6,116.5,2.84,13.71,8.3,213.2,Poor
Chennai,2015-05-15,310.4,390.6,123.7,62.5,13.2,2.5,9.21,70.1,45.6,12.56,9.04,9.2,488.9,Moderate
Kolkata,2015-05-15,162.0,337.7,168.4,31.0,242.1,0.9,4.63,26.1,195.0,0.57,28.09,8.38,208.3,Very Poor
Bangalore,2015-05-15,14.5,529.5,177.6,40.6,21.9,36.0,0.11,16.9,26.9,17.77,20.45,9.38,370.8,Satisfactory
Delhi,2015-05-16,373.4,507.4,30.2,4.5,130.2,47.5,9.97,7.7,123.4,0.6,6.58,5.67,272.4,Moderate
Mumbai,2015-05-16,9.1,470.8,109.2,57.7,40.7,41.1,2.87,9.4,47.7,14.93,6.14,5.62,341.6,Good
Chennai,2015-05-16,308.8,499.6,101.7,131.6,1.5,40.5,0.01,28.4,168.6,19.28,25.18,4.2,464.3,Moderate
Kolkata,2015-05-16,78.2,88.7,172.4,28.9,128.8,3.3,7.53,64.1,199.1,13.48,13.15,0.64,317.6,Severe
Bangalore,2015-05-16,470.5,53.0,131.7,58.5,243.8,13.9,8.38,8.8,52.6,19.71,16.38,2.62,184.0,Severe
Delhi,2015-05-17,26.8,70.1,170.8,143.8,148.2,20.5,6.43,40.9,156.6,14.26,14.0,8.06,125.7,Poor
Mumbai,2015-05-17,49.1,538.6,153.3,107.6,68.2,15.7,7.41,34.4,7.4,18.06,26.56,6.8,122.1,Poor
Chennai,2015-05-17,471.6,76.4,163.7,86.7,69.0,42.6,8.36,29.1,35.1,5.85,11.29,8.76,276.6,Moderate
Kolkata,2015-05-17,22.7,207.5,167.0,21.3,204.3,35.4,7.07,92.0,153.8,5.56,28.19,8.82,110.0,Poor
Bangalore,2015-05-17,107.2,465.9,146.5,146.8,38.4,19.7,1.25,96.6,38.1,1.02,13.49,9.97,29.0,Poor
Delhi,2015-05-18,379.6,191.1,151.0,93.5,241.2,34.3,8.24,11.6,97.4,13.86,12.98,5.48,47.8,Moderate
Mumbai,2015-05-18,475.0,192.4,112.3,80.5,50.1,34.1,9.55,40.2,27.8,7.02,25.94,3.53,124.5,Poor
Chennai,2015-05-18,483.4,54.3,34.5,73.6,241.0,1.4,0.1,39.4,69.4,7.87,11.17,0.32,60.9,Satisfactory
Kolkata,2015-05-18,24.5,218.8,157.5,76.2,95.4,9.5,4.41,8.8,109.6,16.0,17.32,9.55,157.5,Poor
Bangalore,2015-05-18,137.5,446.2,42.2,113.9,77.1,28.8,6.57,40.4,177.3,6.61,10.59,4.53,23.6,Severe
Delhi,2015-05-19,259.9,594.2,65.0,45.2,212.0,47.3,4.35,7.9,24.0,8.95,21.1,0.87,331.4,Good
Mumbai,2015-05-19,49.6,150.5,5.9,88.0,202.5,8.7,5.53,51.0,153.5,4.06,22.76,1.68,429.1,Good
Chennai,2015-05-19,120.6,498.4,74.4,104.3,201.1,28.0,2.37,68.1,156.2,13.15,27.98,7.95,90.4,Severe
Kolkata,2015-05-19,18.3,409.8,143.0,72.8,149.8,2.4,2.92,5.7,164.4,16.01,5.75,5.78,361.0,Satisfactory
Bangalore,2015-05-19,58.5,505.1,89.9,66.6,158.9,25.0,1.11,68.0,59.9,13.76,26.34,1.43,386.5,Very Poor
Delhi,2015-05-20,243.1,95.7,116.2,121.4,135.7,20.4,8.6,4.7,41.4,7.28,17.33,4.19,404.5,Good
Mumbai,2015-05-20,217.5,477.4,77.5,132.5,26.6,6.3,0.5,17.4,148.3,2.27,9.11,8.68,308.5,Very Poor
Chennai,2015-05-20,470.2,61.3,24.7,51.4,11.5,30.8,3.59,58.7,118.8,8.56,1.46,0.65,462.0,Moderate
Kolkata,2015-05-20,73.5,180.3,52.2,101.6,83.9,46.5,7.55,13.4,54.9,6.29,5.42,4.72,275.3,Moderate
Bangalore,2015-05-20,302.6,440.2,189.1,64.9,246.5,31.5,5.94,62.2,123.5,8.26,21.12,6.91,415.1,Poor
Delhi,2015-05-21,55.1,590.8,68.9,60.4,82.4,3.8,6.13,51.0,185.9,5.08,28.4,0.85,225.0,Severe
Mumbai,2015-05-21,433.3,590.5,79.4,33.1,181.8,21.7,4.01,75.2,93.1,11.41,19.22,6.11,293.7,Moderate
Chennai,2015-05-21,496.8,177.5,54.6,82.2,106.4,31.7,6.43,18.3,10.3,3.51,8.13,6.58,421.0,Good
Kolkata,2015-05-21,471.9,114.1,85.7,141.8,195.0,12.3,6.8,16.2,90.9,9.01,14.03,3.97,258.3,Severe
Bangalore,2015-05-21,427.6,544.6,111.3,21.4,224.4,12.8,4.82,59.7,128.8,13.42,3.92,4.62,465.9,Very Poor
Delhi,2015-05-22,202.6,27.3,51.8,26.6,214.7,20.0,9.05,7.5,31.6,9.07,23.89,0.23,463.8,Very Poor
Mumbai,2015-05-22,195.8,342.9,15.0,106.2,232.0,25.1,7.91,51.2,102.7,9.29,2.33,3.16,457.5,Poor
Chennai,2015-05-22,149.8,143.8,168.3,97.8,71.4,49.7,1.4,99.3,124.2,13.15,5.69,5.19,458.9,Satisfactory
Kolkata,2015-05-22,315.6,388.5,67.4,87.9,72.8,37.8,1.35,34.7,53.5,0.09,28.41,3.42,410.3,Satisfactory
Bangalore,2015-05-22,209.4,196.1,30.9,13.1,174.1,26.8,6.47,17.9,72.9,13.69,5.15,3.16,155.6,Good
Delhi,2015-05-23,315.6,534.9,14.6,13.3,162.4,47.4,7.84,30.3,166.5,9.12,28.78,8.68,407.5,Satisfactory
Mumbai,2015-05-23,18.8,518.6,9.8,49.5,36.7,49.4,6.61,1.3,21.4,13.06,29.54,9.38,51.2,Good
Chennai,2015-05-23,83.2,158.6,66.7,118.1,200.9,1.1,7.6,62.8,154.1,2.28,0.22,2.07,72.4,Severe
Kolkata,2015-05-23,221.8,115.6,196.5,7.2,65.1,13.0,1.59,77.7,87.9,8.41,14.02,5.75,248.7,Very Poor
Bangalore,2015-05-23,23.4,298.2,134.7,147.6,151.5,44.3,2.51,8.1,150.6,5.44,1.19,3.1,141.2,Very Poor
Delhi,2015-05-24,293.9,406.7,72.7,98.9,101.1,7.0,7.48,12.2,177.4,12.93,16.52,4.14,409.6,Moderate
Mumbai,2015-05-24,410.4,324.7,65.1,26.1,0.7,17.3,1.45,76.9,162.2,13.13,24.78,0.82,324.1,Good
Chennai,2015-05-24,138.7,496.9,73.1,7.6,224.8,10.4,5.44,91.1,2.1,0.25,28.83,1.05,188.3,Moderate
Kolkata,2015-05-24,480.3,551.1,83.2,41.7,238.2,42.3,0.49,43.0,53.2,9.22,1.76,6.79,375.2,Satisfactory
Bangalore,2015-05-24,30.4,54.7,24.0,47.1,79.0,0.3,8.16,99.1,90.2,14.74,29.48,8.09,301.2,Very Poor
Delhi,2015-05-25,98.2,87.4,17.7,118.3,167.1,27.9,0.11,2.3,130.2,10.84,4.33,2.25,85.2,Severe
Mumbai,2015-05-25,447.4,364.0,44.4,76.4,142.1,42.8,4.52,28.7,49.1,8.58,6.65,1.25,304.7,Good
Chennai,2015-05-25,364.1,176.7,94.7,113.7,62.8,9.4,8.26,39.0,142.4,5.06,18.16,2.68,365.9,Good
Kolkata,2015-05-25,248.5,183.5,29.4,121.7,153.7,15.2,6.6,42.3,108.0,16.41,17.83,0.17,129.7,Severe
Bangalore,2015-05-25,346.8,589.5,75.4,53.4,91.0,40.4,1.82,37.5,144.4,9.22,25.64,0.48,66.1,Very Poor
Delhi,2015-05-26,435.5,477.0,138.2,33.3,51.9,6.2,7.02,27.9,125.9,18.93,1.75,1.16,311.9,Satisfactory
Mumbai,2015-05-26,437.0,16.5,159.1,35.9,212.3,21.2,6.62,32.3,154.4,4.04,12.15,8.87,82.1,Severe
Chennai,2015-05-26,73.9,341.6,125.5,127.1,198.6,25.5,9.4,31.3,192.5,9.94,25.88,8.83,163.8,Poor
Kolkata,2015-05-26,281.6,567.7,101.1,58.6,7.8,33.6,8.88,77.7,171.6,18.59,15.49,8.74,46.0,Severe
Bangalore,2015-05-26,350.2,197.1,191.8,100.9,39.1,12.7,7.79,69.7,21.7,1.59,7.61,5.26,97.8,Poor
Delhi,2015-05-27,285.5,493.1,43.6,79.8,31.4,11.0,5.25,47.2,5.3,8.57,8.19,0.76,120.3,Severe
Mumbai,2015-05-27,332.4,251.1,146.8,3.8,83.4,7.7,1.75,6.7,27.1,3.35,8.21,5.46,150.0,Severe
Chennai,2015-05-27,464.9,110.3,17.9,103.0,157.1,7.5,0.93,81.0,189.4,19.1,9.41,8.77,51.4,Satisfactory
Kolkata,2015-05-27,92.8,415.2,43.5,115.2,45.7,33.9,0.8,58.8,43.0,6.79,8.56,6.77,200.7,Severe
Bangalore,2015-05-27,468.9,556.6,26.9,84.1,221.5,44.5,1.14,13.4,116.6,1.65,10.21,1.75,90.1,Severe
Delhi,2015-05-28,265.1,107.5,136.1,85.7,208.5,15.3,8.04,10.9,178.1,5.19,18.05,0.36,254.0,Good
Mumbai,2015-05-28,253.5,13.8,149.5,50.0,210.6,7.2,6.01,64.7,148.9,1.6,13.65,7.21,208.8,Very Poor
Chennai,2015-05-28,260.0,580.1,73.0,45.9,1.4,36.8,6.71,80.3,117.4,17.14,29.57,9.07,499.7,Very Poor
Kolkata,2015-05-28,94.8,290.7,95.5,16.4,24.6,10.3,7.5,47.5,106.9,12.55,11.46,5.41,51.9,Moderate
Bangalore,2015-05-28,462.3,111.8,83.3,71.1,62.5,33.3,6.51,66.6,59.7,11.3,28.19,9.19,86.8,Good
Delhi,2015-05-29,101.5,257.0,120.0,116.7,29.6,34.9,2.01,8.5,22.0,19.05,8.15,5.99,45.2,Very Poor
Mumbai,2015-05-29,56.4,315.1,134.3,12.4,223.8,28.8,0.17,42.5,154.0,14.46,17.99,8.82,235.4,Poor
Chennai,2015-05-29,146.4,14.3,94.4,10.6,47.7,8.8,9.33,17.3,52.3,6.16,26.96,1.18,112.9,Satisfactory
Kolkata,2015-05-29,135.9,546.4,184.1,32.0,106.7,37.2,1.71,51.3,116.3,0.13,29.4,4.82,111.8,Very Poor
Bangalore,2015-05-29,143.9,539.8,93.2,146.0,147.4,42.5,1.68,60.1,164.2,4.83,6.26,9.22,374.5,Satisfactory
Delhi,2015-05-30,277.1,569.3,109.5,129.0,138.2,14.4,9.01,29.1,182.4,4.05,4.5,2.25,44.8,Poor
Mumbai,2015-05-30,351.7,122.6,169.4,101.8,204.7,34.1,9.57,46.6,52.9,6.53,20.09,0.86,329.5,Good
Chennai,2015-05-30,148.3,83.9,112.6,79.7,197.5,27.2,2.31,96.1,147.8,19.12,16.36,1.36,191.7,Good
Kolkata,2015-05-30,198.4,109.2,140.7,57.9,105.8,20.9,1.84,6.5,118.5,14.27,23.53,6.76,108.9,Moderate
Bangalore,2015-05-30,91.3,77.0,18.0,133.9,50.9,41.4,3.58,7.9,120.5,12.97,21.52,6.39,419.1,Severe
Delhi,2015-05-31,182.1,575.3,97.1,90.2,64.3,8.0,4.79,99.1,187.6,11.32,10.84,0.87,497.6,Good
Mumbai,2015-05-31,98.0,524.0,110.1,36.6,33.6,16.4,0.75,24.1,167.3,18.89,17.07,2.76,129.6,Severe
Chennai,2015-05-31,139.8,564.3,91.8,97.4,195.6,29.7,3.2,2.2,103.4,16.49,7.06,3.67,139.4,Good
Kolkata,2015-05-31,211.4,458.2,133.8,112.0,64.1,21.6,2.24,44.7,108.8,19.66,21.02,4.46,277.2,Poor
Bangalore,2015-05-31,417.1,202.2,76.9,142.9,239.1,37.1,6.42,46.4,118.3,12.27,5.99,9.89,455.2,Poor
Delhi,2015-06-01,220.4,318.5,104.7,128.6,221.9,1.3,4.55,71.7,29.2,6.34,7.44,9.96,458.9,Moderate
Mumbai,2015-06-01,242.6,492.4,98.9,26.3,60.5,18.3,9.01,73.7,118.7,4.57,9.69,1.72,66.0,Moderate
Chennai,2015-06-01,212.8,402.6,63.8,148.0,44.8,26.6,4.02,68.3,192.0,15.09,25.22,0.34,157.3,Very Poor
Kolkata,2015-06-01,212.5,358.7,101.5,120.3,99.7,4.8,3.55,73.0,104.4,4.4,11.52,6.0,227.6,Good
Bangalore,2015-06-01,272.8,149.5,193.1,62.6,77.6,29.9,7.27,51.0,63.7,14.03,3.69,4.28,429.8,Good
Delhi,2015-06-02,198.1,120.4,72.6,98.3,185.4,31.9,2.8,10.1,115.9,17.05,11.77,9.34,489.9,Moderate
Mumbai,2015-06-02,166.7,388.3,194.9,131.2,56.3,0.2,9.97,36.6,94.7,16.67,5.0,8.98,425.4,Poor
Chennai,2015-06-02,477.1,339.1,19.3,59.9,23.4,32.3,8.76,60.1,161.4,16.98,12.76,0.66,314.3,Good
Kolkata,2015-06-02,89.6,185.6,169.0,38.4,103.4,20.8,9.76,71.8,73.5,0.3,26.19,5.09,449.3,Very Poor
Bangalore,2015-06-02,320.5,384.1,57.9,44.9,140.4,40.8,8.71,82.3,59.8,0.16,1.48,4.61,13.3,Very Poor
Delhi,2015-06-03,275.8,27.8,18.5,90.8,172.8,23.3,8.05,49.0,56.9,11.98,15.75,7.31,287.1,Good
Mumbai,2015-06-03,182.4,432.8,85.6,39.9,97.5,42.9,6.18,75.2,195.9,19.66,27.51,1.57,370.0,Moderate
Chennai,2015-06-03,132.0,219.9,175.8,100.5,192.4,40.9,6.21,5.7,199.7,4.6,1.07,5.35,0.5,Satisfactory
Kolkata,2015-06-03,196.4,363.2,65.1,146.4,35.7,40.4,9.76,35.9,73.4,15.67,28.48,7.96,287.5,Poor
Bangalore,2015-06-03,310.3,110.5,184.3,68.1,155.9,46.5,0.13,65.0,145.7,0.06,4.48,7.35,40.6,Moderate
Delhi,2015-06-04,447.8,308.8,123.1,140.2,141.8,4.9,2.5,27.6,178.5,5.83,21.14,3.0,14.4,Satisfactory
Mumbai,2015-06-04,64.3,356.6,167.8,91.3,199.2,33.1,2.14,87.6,71.3,10.96,23.03,9.97,399.0,Moderate
Chennai,2015-06-04,425.8,14.6,56.7,44.6,142.3,2.3,8.65,8.6,82.5,19.5,14.98,1.79,193.9,Poor
Kolkata,2015-06-04,239.0,418.6,193.2,128.5,192.1,11.7,2.53,72.0,54.4,5.46,4.76,2.27,55.8,Poor
Bangalore,2015-06-04,124.1,317.4,22.0,101.6,78.7,34.5,9.87,64.0,118.6,16.84,1.35,4.56,220.4,Good
Delhi,2015-06-05,258.3,148.4,183.2,34.5,188.7,40.2,3.84,74.6,148.0,8.99,22.04,9.89,221.9,Good
Mumbai,2015-06-05,166.0,456.0,60.4,11.9,105.4,25.7,9.9,81.3,163.2,13.18,12.08,3.92,431.1,Moderate
Chennai,2015-06-05,123.2,77.8,165.8,131.7,143.8,15.4,3.17,46.6,72.5,15.78,10.33,2.78,368.5,Poor
Kolkata,2015-06-05,35.2,113.6,164.3,107.2,198.2,24.6,3.53,31.2,71.3,10.82,12.69,0.06,317.9,Satisfactory
Bangalore,2015-06-05,9.8,468.0,0.5,104.1,169.1,12.1,9.29,93.7,24.9,9.58,20.94,3.73,403.5,Moderate
Delhi,2015-06-06,6.6,11.2,192.0,145.1,83.1,4.3,2.19,82.1,21.6,7.78,14.19,1.23,360.4,Very Poor
Mumbai,2015-06-06,76.7,104.0,47.3,139.8,171.4,4.6,3.56,26.0,82.4,3.63,21.39,1.72,358.7,Very Poor
Chennai,2015-06-06,89.8,400.4,174.0,25.9,32.9,48.0,4.97,82.9,160.1,0.16,16.59,5.64,469.1,Satisfactory
Kolkata,2015-06-06,94.0,599.6,157.0,85.1,133.6,43.4,5.07,27.9,141.4,2.12,12.37,7.35,25.9,Very Poor
Bangalore,2015-06-06,371.4,274.8,93.4,118.8,84.7,47.4,7.8,63.8,130.0,1.16,28.75,0.23,366.9,Poor
Delhi,2015-06-07,268.8,27.5,167.5,51.8,99.7,25.6,6.59,86.2,100.7,11.93,13.54,9.38,210.0,Poor
Mumbai,2015-06-07,443.4,44.6,178.8,83.2,92.7,0.5,7.75,46.8,71.9,3.06,25.73,4.77,197.4,Severe
Chennai,2015-06-07,178.9,357.0,70.2,78.2,61.1,43.1,2.03,96.2,180.0,18.87,2.97,6.6,268.7,Good
Kolkata,2015-06-07,183.9,354.6,197.8,41.3,205.9,22.4,6.23,95.1,9.3,19.04,1.09,3.11,438.6,Poor
Bangalore,2015-06-07,363.3,298.5,11.3,62.2,185.6,14.6,2.86,88.3,10.1,1.89,3.63,4.25,453.3,Severe
Delhi,2015-06-08,456.1,195.8,27.6,148.4,201.9,22.9,6.08,36.0,51.8,5.41,11.9,4.85,123.2,Very Poor
Mumbai,2015-06-08,139.4,87.5,145.3,64.9,246.0,31.0,3.12,80.3,10.9,14.82,17.78,1.97,242.3,Good
Chennai,2015-06-08,274.9,331.7,134.5,17.1,215.1,15.8,5.28,10.6,142.7,14.8,8.48,5.31,368.2,Poor
Kolkata,2015-06-08,109.6,40.7,167.8,10.8,240.8,43.1,4.52,9.7,103.5,10.62,2.07,1.27,83.7,Poor
Bangalore,2015-06-08,42.0,432.7,189.3,108.5,86.1,30.7,0.88,1.3,77.6,5.41,15.03,1.66,405.5,Poor
Delhi,2015-06-09,126.9,455.1,156.2,51.4,84.6,24.5,9.03,24.5,172.6,10.9,5.7,4.72,299.2,Good
Mumbai,2015-06-09,229.6,504.4,116.4,39.8,234.9,18.5,3.71,82.1,73.6,2.71,18.84,9.38,313.0,Moderate
Chennai,2015-06-09,77.4,483.9,52.9,19.7,177.4,27.2,3.91,38.6,2.1,1.4,17.46,1.24,44.4,Good
Kolkata,2015-06-09,437.3,510.2,79.6,49.2,195.1,20.9,6.65,10.4,174.7,14.17,24.8,7.06,341.1,Good
Bangalore,2015-06-09,428.2,460.9,179.7,127.6,165.2,44.0,9.2,91.8,18.3,11.87,10.42,2.72,370.8,Poor
Delhi,2015-06-10,424.1,388.5,162.5,144.3,86.2,14.2,6.82,27.1,75.6,6.83,10.36,4.15,87.7,Very Poor
Mumbai,2015-06-10,287.4,142.8,99.6,2.1,12.5,33.9,7.97,90.7,25.5,15.74,13.97,6.17,12.1,Very Poor
Chennai,2015-06-10,189.5,529.6,96.8,138.8,17.8,40.0,9.52,74.8,13.0,11.98,9.25,2.86,332.7,Good
Kolkata,2015-06-10,470.2,48.4,150.9,24.1,183.6,26.1,3.43,13.6,193.5,13.98,24.85,0.69,220.6,Poor
Bangalore,2015-06-10,342.5,365.6,27.5,23.5,175.3,29.8,2.52,46.7,52.4,3.71,28.75,5.07,240.7,Moderate
Delhi,2015-06-11,16.5,443.1,91.5,3.2,213.9,49.9,7.55,6.1,110.2,12.25,21.61,5.28,255.6,Very Poor
Mumbai,2015-06-11,189.6,78.6,63.4,48.0,34.1,43.6,8.43,60.1,84.5,8.08,25.77,9.78,477.5,Poor
Chennai,2015-06-11,154.3,228.1,43.6,52.3,239.8,40.6,8.06,0.1,129.8,4.07,18.46,6.77,77.4,Very Poor
Kolkata,2015-06-11,34.9,406.8,85.8,80.1,0.6,25.1,2.05,15.2,19.0,12.29,13.43,7.08,67.4,Moderate
Bangalore,2015-06-11,181.4,409.7,5.3,43.3,169.7,37.2,6.2,36.4,183.5,4.83,12.28,9.07,98.3,Poor
Delhi,2015-06-12,341.6,326.1,137.2,70.5,19.8,49.1,5.43,98.8,139.8,1.89,1.28,9.47,152.9,Moderate
Mumbai,2015-06-12,480.3,288.5,69.4,57.7,72.5,33.3,0.01,26.0,80.2,5.5,17.0,6.88,394.9,Satisfactory
Chennai,2015-06-12,463.3,3.0,71.7,132.1,161.8,34.2,1.65,7.0,188.3,15.81,15.32,0.55,63.1,Moderate
Kolkata,2015-06-12,86.8,18.7,82.3,119.3,25.6,12.1,0.78,37.5,186.7,17.28,19.04,5.74,497.3,Satisfactory
Bangalore,2015-06-12,343.7,371.3,86.8,81.6,138.0,31.2,2.5,80.2,146.3,6.09,22.32,5.23,92.5,Good
Delhi,2015-06-13,323.6,149.8,45.7,7.8,159.7,40.8,3.26,51.9,95.6,15.02,8.68,9.34,366.6,Good
Mumbai,2015-06-13,439.0,87.3,52.3,138.2,203.9,49.9,9.91,3.4,34.7,0.99,11.19,7.12,426.1,Moderate
Chennai,2015-06-13,224.8,15.3,37.6,48.2,97.5,38.6,4.49,49.0,194.1,2.54,9.88,8.33,138.1,Moderate
Kolkata,2015-06-13,104.4,219.6,158.8,65.2,141.7,8.2,4.16,98.9,2.1,18.27,17.58,9.47,424.8,Good
Bangalore,2015-06-13,98.6,437.9,5.6,63.8,11.1,28.0,9.17,65.9,92.3,6.46,22.66,5.15,193.6,Satisfactory
Delhi,2015-06-14,150.5,432.0,104.5,125.8,154.5,9.4,8.0,40.6,158.4,1.82,8.74,8.41,295.6,Poor
Mumbai,2015-06-14,380.8,4.4,151.2,103.6,72.9,49.2,4.89,18.5,47.3,4.24,18.98,7.22,143.3,Very Poor
Chennai,2015-06-14,56.2,502.8,44.0,22.7,105.3,35.2,9.76,0.0,61.0,8.95,14.95,7.11,166.8,Moderate
Kolkata,2015-06-14,68.2,540.3,6.6,73.3,176.9,46.2,6.0,7.0,42.6,8.76,1.11,2.75,469.1,Poor
Bangalore,2015-06-14,441.3,14.2,61.1,100.8,60.2,15.7,8.17,74.3,129.5,4.36,8.68,8.2,160.7,Moderate
Delhi,2015-06-15,181.0,94.7,59.1,55.7,161.9,46.6,5.51,62.9,154.0,4.01,3.82,2.74,188.5,Satisfactory
Mumbai,2015-06-15,103.8,85.8,96.7,78.8,150.0,33.3,0.14,50.7,161.6,2.66,25.51,1.1,99.5,Satisfactory
Chennai,2015-06-15,274.0,357.4,91.8,41.9,115.2,33.5,2.17,89.6,24.5,10.5,14.35,4.51,157.2,Poor
Kolkata,2015-06-15,483.3,523.7,20.3,38.0,204.7,47.8,3.29,9.5,125.5,12.56,2.57,3.87,241.8,Poor
Bangalore,2015-06-15,194.0,507.3,141.3,77.8,199.2,40.3,1.45,82.1,144.8,9.22,23.04,4.39,409.3,Good
Delhi,2015-06-16,335.7,3.7,131.3,17.4,47.1,33.3,7.7,22.9,156.7,0.53,23.55,5.48,50.7,Good
Mumbai,2015-06-16,270.0,333.4,69.6,29.5,148.6,0.8,5.02,90.7,42.4,5.95,14.64,9.66,292.5,Good
Chennai,2015-06-16,370.7,262.3,175.1,135.6,184.8,42.8,6.69,33.9,90.5,17.51,21.41,9.75,82.3,Very Poor
Kolkata,2015-06-16,105.6,495.4,135.4,124.0,56.1,19.3,4.27,61.6,188.1,0.17,19.23,9.75,275.9,Satisfactory
Bangalore,2015-06-16,482.6,320.9,77.7,0.9,38.2,37.0,7.36,62.6,184.8,9.1,1.51,1.87,172.4,Very Poor
Delhi,2015-06-17,109.8,327.5,92.0,82.0,6.3,13.6,8.14,38.3,2.5,2.54,12.24,3.64,399.3,Very Poor
Mumbai,2015-06-17,215.6,57.1,179.7,123.8,93.9,47.2,3.88,55.0,39.4,3.26,8.03,8.64,416.6,Good
Chennai,2015-06-17,24.5,418.0,42.6,118.0,5.1,44.0,0.67,46.0,189.0,4.99,17.19,4.97,183.3,Good
Kolkata,2015-06-17,235.7,65.1,44.2,79.7,172.8,33.1,7.42,18.5,40.6,0.8,18.99,0.45,255.9,Moderate
Bangalore,2015-06-17,147.4,186.0,112.6,145.4,20.7,45.4,6.2,15.8,84.2,7.05,21.84,6.74,194.8,Severe
Delhi,2015-06-18,464.1,28.3,16.5,16.8,68.4,18.9,5.1,8.8,105.8,4.61,14.22,5.33,290.1,Good
Mumbai,2015-06-18,494.8,37.1,55.3,22.6,150.1,48.5,1.81,30.2,105.9,0.68,21.22,4.61,239.7,Poor
Chennai,2015-06-18,462.1,172.9,177.9,41.5,101.8,44.2,0.49,53.2,153.6,1.69,13.89,9.7,398.7,Very Poor
Kolkata,2015-06-18,174.9,148.0,24.0,86.6,137.6,23.3,2.72,9.3,56.3,5.36,21.62,5.79,414.6,Moderate
Bangalore,2015-06-18,196.8,451.4,39.7,1.2,245.2,13.2,7.66,26.5,184.3,16.06,22.44,6.33,110.8,Poor
Delhi,2015-06-19,220.1,172.7,18.1,53.5,41.5,49.3,3.37,22.4,118.8,12.05,18.09,9.56,352.2,Good
Mumbai,2015-06-19,35.0,306.2,68.4,31.0,27.9,30.4,1.14,71.7,156.0,16.89,19.63,7.95,80.4,Very Poor
Chennai,2015-06-19,433.7,144.0,157.2,11.5,180.6,29.5,9.01,57.8,180.8,18.05,22.32,0.82,377.6,Good
Kolkata,2015-06-19,301.1,416.4,95.7,75.9,249.1,12.4,0.86,88.0,46.6,1.77,1.44,4.78,58.9,Good
Bangalore,2015-06-19,227.3,169.2,49.7,114.0,64.1,25.2,0.12,99.6,64.6,19.02,23.55,6.89,203.8,Moderate
Delhi,2015-06-20,332.9,513.6,95.8,137.6,67.5,38.1,1.66,1.0,77.7,18.71,11.79,6.7,190.1,Satisfactory
Mumbai,2015-06-20,103.8,154.7,105.7,105.9,137.1,3.1,6.88,41.2,72.3,8.82,18.95,6.07,95.0,Good
Chennai,2015-06-20,381.3,437.1,83.6,110.4,239.5,11.6,8.59,89.1,52.0,6.66,22.56,8.32,283.3,Good
Kolkata,2015-06-20,322.6,361.8,3.4,102.0,228.2,6.5,1.69,10.7,55.9,12.78,19.31,2.55,455.4,Moderate
Bangalore,2015-06-20,481.3,470.6,3.4,18.1,225.7,6.3,3.67,25.9,75.8,11.24,27.91,8.98,58.5,Severe
Delhi,2015-06-21,309.8,310.3,43.6,30.1,107.8,43.6,4.89,5.1,49.4,2.41,13.86,2.05,184.5,Poor
Mumbai,2015-06-21,55.5,312.2,107.7,66.6,53.8,28.7,5.49,11.6,50.3,9.17,26.09,6.84,203.6,Poor
Chennai,2015-06-21,196.3,468.1,89.4,18.1,159.6,20.1,5.55,27.4,198.7,19.3,9.83,3.59,293.1,Severe
Kolkata,2015-06-21,196.5,77.1,129.0,104.3,141.6,26.6,6.76,67.7,178.4,19.92,6.63,0.01,149.5,Satisfactory
Bangalore,2015-06-21,92.7,93.4,99.3,125.4,45.3,25.1,2.86,74.2,186.1,12.42,10.93,3.48,50.5,Moderate
Delhi,2015-06-22,36.8,330.2,17.6,4.6,131.8,7.2,5.53,0.6,53.6,8.56,19.07,4.41,182.5,Good
Mumbai,2015-06-22,133.7,198.6,132.4,88.2,114.2,27.4,8.77,7.8,93.1,13.57,1.18,8.86,234.4,Moderate
Chennai,2015-06-22,490.3,232.1,16.4,41.4,26.1,37.5,6.22,14.2,115.2,18.94,16.81,0.78,27.1,Good
Kolkata,2015-06-22,182.4,576.7,27.9,52.1,185.4,0.1,5.19,87.6,110.8,7.88,25.19,5.53,90.2,Severe
Bangalore,2015-06-22,290.1,384.6,86.7,144.6,129.9,48.9,0.44,74.4,98.1,4.23,3.5,1.1,344.1,Poor
Delhi,2015-06-23,63.6,515.0,197.4,49.7,207.5,2.7,7.15,0.7,96.5,0.52,27.61,1.45,232.7,Severe
Mumbai,2015-06-23,95.4,388.5,178.9,106.5,236.6,12.6,1.69,12.4,92.4,11.96,27.68,8.05,424.7,Good
Chennai,2015-06-23,166.4,434.7,54.6,119.2,187.5,21.2,3.74,64.0,196.7,2.37,15.71,6.67,495.5,Moderate
Kolkata,2015-06-23,100.4,323.2,22.7,130.3,112.7,3.1,1.28,28.5,104.6,4.43,0.52,3.77,188.1,Satisfactory
Bangalore,2015-06-23,479.7,346.6,67.1,80.6,37.8,35.1,7.4,31.4,132.3,1.68,12.56,6.76,404.7,Satisfactory
Delhi,2015-06-24,172.0,62.6,138.2,67.5,222.0,30.2,0.79,27.1,85.8,18.89,28.19,2.46,149.5,Very Poor
Mumbai,2015-06-24,52.1,295.9,153.2,51.8,124.7,8.9,4.45,12.9,54.2,13.67,21.52,7.69,379.0,Satisfactory
Chennai,2015-06-24,265.3,367.4,180.8,70.3,31.2,34.9,6.92,15.8,80.4,5.42,15.85,6.24,291.8,Moderate
Kolkata,2015-06-24,206.1,368.1,90.4,56.9,154.8,7.2,5.97,55.0,77.6,6.83,8.19,2.77,127.7,Poor
Bangalore,2015-06-24,375.0,525.8,22.3,19.0,216.1,17.6,6.39,94.9,91.2,9.26,4.31,6.97,121.1,Poor
Delhi,2015-06-25,405.8,582.9,128.4,109.7,245.6,24.5,6.76,42.8,56.1,16.21,8.19,4.22,98.8,Poor
Mumbai,2015-06-25,185.0,99.6,65.7,99.5,245.8,7.0,3.83,77.1,7.7,17.94,8.97,7.11,298.8,Poor
Chennai,2015-06-25,298.3,538.3,131.0,7.7,171.8,9.8,8.6,35.2,99.9,1.77,9.23,9.19,487.8,Satisfactory
Kolkata,2015-06-25,161.5,547.1,121.9,61.3,4.5,6.8,6.6,92.5,130.3,1.95,21.35,1.72,125.9,Very Poor
Bangalore,2015-06-25,4.9,240.8,53.1,1.5,226.0,37.1,4.19,19.5,27.0,6.68,3.57,7.32,449.7,Satisfactory
Delhi,2015-06-26,11.5,189.9,132.8,135.4,11.0,49.1,5.44,83.4,159.5,2.36,10.55,9.07,288.2,Severe
Mumbai,2015-06-26,34.3,285.7,21.7,127.0,231.0,44.0,3.78,45.0,113.9,6.57,3.56,5.25,474.8,Very Poor
Chennai,2015-06-26,288.3,186.0,113.3,48.9,222.1,13.0,1.63,42.5,45.0,6.94,11.35,4.52,69.3,Poor
Kolkata,2015-06-26,5.4,303.4,95.8,74.0,10.1,19.8,9.95,74.3,160.2,7.41,18.77,2.6,247.0,Severe
Bangalore,2015-06-26,449.5,282.6,159.6,12.0,221.0,34.7,0.37,85.0,125.1,11.08,9.72,9.63,137.0,Satisfactory
Delhi,2015-06-27,489.2,479.0,88.9,68.3,1.7,33.2,3.21,34.0,178.9,7.5,26.52,6.99,34.8,Poor
Mumbai,2015-06-27,441.6,247.7,176.2,141.8,35.9,27.9,4.14,64.3,199.9,15.14,24.88,4.26,208.6,Severe
Chennai,2015-06-27,362.7,161.9,145.8,46.4,101.0,43.9,5.83,20.6,194.0,11.35,19.75,3.94,39.4,Good
Kolkata,2015-06-27,45.0,366.2,81.6,9.3,72.7,11.1,6.12,16.0,45.0,9.63,5.36,8.85,144.1,Very Poor
Bangalore,2015-06-27,347.0,63.5,33.4,29.4,223.1,44.4,6.71,88.3,9.3,3.97,18.04,7.7,390.0,Severe
Delhi,2015-06-28,270.3,112.9,118.1,80.4,226.4,27.9,5.15,42.4,171.0,9.28,7.59,9.77,362.3,Poor
Mumbai,2015-06-28,17.6,227.0,154.9,104.8,245.3,1.6,2.46,35.5,122.7,13.35,21.07,2.88,368.2,Good
Chennai,2015-06-28,117.0,238.8,94.0,131.1,103.6,25.3,5.61,57.2,38.0,10.99,22.44,7.76,135.7,Satisfactory
Kolkata,2015-06-28,49.3,89.8,82.8,80.2,226.0,5.5,9.76,16.8,137.2,13.78,17.49,1.8,211.6,Good
Bangalore,2015-06-28,494.9,408.0,46.9,119.8,94.9,23.9,5.71,99.0,140.1,11.53,8.47,6.08,193.1,Good
Delhi,2015-06-29,429.1,300.0,60.5,132.0,174.9,2.4,5.31,31.5,89.0,14.15,15.35,9.84,484.0,Severe
Mumbai,2015-06-29,336.9,199.0,149.6,49.0,149.0,23.4,3.87,87.2,85.5,16.66,9.31,6.33,491.9,Very Poor
Chennai,2015-06-29,203.1,295.8,89.6,146.0,13.9,31.5,2.6,40.8,79.1,17.91,0.91,6.16,247.7,Satisfactory
Kolkata,2015-06-29,355.9,515.1,90.8,82.3,87.0,36.8,2.79,53.9,173.2,2.39,28.37,7.38,155.4,Satisfactory
Bangalore,2015-06-29,374.9,129.9,50.9,143.7,244.6,16.8,7.33,9.2,21.9,9.21,15.64,6.7,210.7,Severe
Delhi,2015-06-30,121.3,237.7,187.2,111.3,117.5,48.6,8.79,48.0,167.1,8.9,3.24,6.03,47.5,Poor
Mumbai,2015-06-30,480.5,174.5,196.3,129.0,216.6,37.5,5.08,97.0,169.4,14.7,19.9,6.35,260.2,Moderate
Chennai,2015-06-30,187.6,508.2,182.1,69.7,82.9,40.2,6.11,39.4,101.3,4.6,24.43,3.1,118.3,Good
Kolkata,2015-06-30,328.0,510.6,159.2,108.3,238.7,13.5,0.67,1.2,32.5,4.73,18.56,6.12,391.5,Good
Bangalore,2015-06-30,199.5,375.2,5.8,98.6,170.7,7.2,9.02,20.2,17.9,15.53,6.94,5.73,391.8,Severe
Delhi,2015-07-01,196.1,523.1,80.7,117.8,24.3,5.9,5.38,0.8,145.2,9.36,21.39,4.05,401.2,Severe
Mumbai,2015-07-01,16.6,454.6,147.1,94.1,20.3,42.5,9.63,35.9,73.4,13.58,25.86,4.3,216.6,Poor
Chennai,2015-07-01,7.7,500.3,95.5,115.4,58.2,41.6,8.82,43.0,122.1,18.46,14.9,6.61,300.4,Moderate
Kolkata,2015-07-01,293.6,363.5,141.9,64.5,185.9,39.8,7.11,98.5,96.9,17.92,8.75,7.0,146.2,Poor
Bangalore,2015-07-01,338.8,227.7,190.2,100.8,40.7,17.0,2.87,39.5,19.8,3.72,26.07,7.72,115.4,Satisfactory
Delhi,2015-07-02,210.4,104.2,160.8,16.6,139.2,48.4,4.71,84.7,111.4,18.43,29.06,2.02,301.3,Severe
Mumbai,2015-07-02,157.5,480.8,6.3,113.8,201.1,49.3,1.23,7.7,109.6,15.42,26.2,2.14,121.8,Very Poor
Chennai,2015-07-02,393.6,448.9,26.5,132.0,138.9,24.9,7.36,87.5,106.1,16.04,10.82,1.36,208.2,Satisfactory
Kolkata,2015-07-02,338.2,599.1,157.5,88.1,173.6,8.8,1.62,41.4,53.4,15.91,9.87,7.73,30.1,Good
Bangalore,2015-07-02,140.0,278.5,52.6,106.0,52.6,42.0,5.35,24.8,155.4,4.08,2.73,1.96,295.9,Good
Delhi,2015-07-03,352.0,95.2,16.7,139.6,201.2,40.8,6.53,3.2,174.6,16.93,8.97,9.73,409.4,Good
Mumbai,2015-07-03,50.1,207.3,29.6,137.3,91.3,19.1,4.2,28.2,40.1,12.97,24.12,2.6,360.4,Poor
Chennai,2015-07-03,409.5,160.8,194.7,88.0,198.0,38.9,7.87,49.3,43.1,3.22,20.51,3.85,292.5,Poor
Kolkata,2015-07-03,198.0,340.1,81.5,148.1,158.7,40.8,3.87,21.9,96.0,3.16,18.21,1.14,85.9,Very Poor
Bangalore,2015-07-03,334.8,166.6,174.0,26.1,204.2,42.9,8.67,87.0,197.6,19.79,16.6,2.99,436.6,Very Poor
Delhi,2015-07-04,182.2,197.9,52.5,40.0,67.6,26.7,8.14,19.6,31.9,14.55,24.7,6.89,493.2,Good
Mumbai,2015-07-04,115.9,374.4,52.2,62.3,128.7,45.0,4.91,21.7,150.1,19.45,9.99,4.32,396.2,Satisfactory
Chennai,2015-07-04,93.9,105.5,142.7,119.1,54.0,0.3,6.91,59.9,165.4,5.51,20.18,3.02,321.9,Very Poor
Kolkata,2015-07-04,316.6,413.1,186.5,135.2,95.1,11.9,3.49,90.7,60.9,17.82,25.95,7.83,275.5,Severe
Bangalore,2015-07-04,87.7,206.9,37.8,45.1,179.7,42.8,6.44,14.9,65.9,10.34,28.69,4.26,25.1,Poor
Delhi,2015-07-05,285.8,150.8,1.4,142.5,31.9,3.7,7.31,65.5,198.9,4.61,26.03,3.15,204.1,Good
Mumbai,2015-07-05,9.0,336.0,189.6,104.2,244.9,23.3,9.04,89.7,22.6,4.35,8.0,8.28,159.3,Moderate
Chennai,2015-07-05,10.5,252.8,99.5,38.1,126.3,13.0,8.7,94.9,3.3,18.45,19.87,4.9,280.8,Poor
Kolkata,2015-07-05,221.6,167.6,147.8,112.2,245.0,39.2,8.92,39.6,180.3,6.12,28.19,4.92,9.5,Severe
Bangalore,2015-07-05,425.2,231.4,112.4,71.5,8.4,12.9,8.12,69.9,17.6,9.21,15.09,3.29,451.4,Moderate
Delhi,2015-07-06,199.0,167.9,161.9,10.8,78.7,46.4,7.47,92.6,96.7,13.72,28.97,6.93,335.2,Very Poor
Mumbai,2015-07-06,123.3,2.9,152.7,147.2,52.7,31.5,0.04,45.8,133.8,15.01,25.61,0.52,35.8,Poor
Chennai,2015-07-06,302.6,347.6,53.8,20.7,240.2,33.6,5.54,54.2,16.5,0.89,5.5,2.06,457.6,Good
Kolkata,2015-07-06,473.7,104.8,60.1,37.9,182.1,2.0,3.26,29.3,81.6,0.4,15.71,8.85,155.3,Very Poor
Bangalore,2015-07-06,443.0,599.5,158.3,33.1,126.2,38.7,4.67,13.5,135.4,19.92,10.93,7.93,171.0,Severe
Delhi,2015-07-07,262.3,406.3,137.0,12.3,5.1,12.0,5.39,55.3,133.9,1.82,7.03,2.72,242.6,Good
Mumbai,2015-07-07,414.3,27.3,140.4,121.0,179.9,30.2,3.85,33.4,91.6,3.61,16.15,4.54,42.9,Satisfactory
Chennai,2015-07-07,489.6,249.8,196.4,148.6,2.1,2.5,9.54,80.1,13.6,7.27,4.03,0.9,162.3,Satisfactory
Kolkata,2015-07-07,331.9,170.0,119.8,56.5,24.6,46.9,1.14,10.7,77.1,13.7,23.67,6.22,122.1,Severe
Bangalore,2015-07-07,33.1,478.5,62.7,39.9,228.6,16.9,3.25,32.6,83.4,15.7,6.42,6.29,250.8,Severe
Delhi,2015-07-08,101.2,250.7,192.5,22.9,168.2,45.1,1.83,93.4,145.5,15.28,25.72,2.93,83.6,Good
Mumbai,2015-07-08,129.5,157.8,147.7,43.9,174.7,17.2,0.79,82.1,39.3,17.84,20.27,2.99,107.2,Good
Chennai,2015-07-08,125.8,527.0,85.5,135.9,113.5,20.9,6.14,89.3,33.1,11.16,22.12,5.92,168.6,Good
Kolkata,2015-07-08,58.6,71.7,169.3,12.8,67.4,34.7,7.53,2.7,141.4,12.39,6.22,5.09,246.1,Moderate
Bangalore,2015-07-08,248.6,542.7,54.2,56.6,176.2,37.1,1.22,61.3,69.6,12.69,23.37,8.56,455.2,Good
Delhi,2015-07-09,343.1,112.2,11.7,81.4,52.8,46.1,9.79,69.6,120.9,11.62,16.51,0.13,133.6,Good
Mumbai,2015-07-09,400.7,426.3,139.5,105.5,62.8,24.7,8.05,20.6,164.3,13.0,6.5,0.69,125.4,Satisfactory
Chennai,2015-07-09,77.7,158.9,191.9,4.8,40.5,30.1,0.51,36.4,127.9,7.32,26.1,3.67,377.4,Poor
Kolkata,2015-07-09,347.5,518.1,114.3,125.2,110.3,49.4,6.43,9.2,87.5,4.44,10.22,2.05,352.7,Satisfactory
Bangalore,2015-07-09,126.5,138.6,70.0,127.0,84.3,48.8,7.6,3.1,17.0,19.53,20.59,3.79,404.0,Good